{
    "timeStamp": "1508260296",
    "devID": "000000009d38c2c2",
    "totalScanTime": 53,
    "wakeCounter": 1006,
    "ble": {
        "scan1": {
            "66:D5:E6:39:63:D0": "-90"
        }
    },
    "dht": [
        " 43,24,1508260303"
    ],
    "gsm": {
        "scan1": [
            "AT+CREG? +CREG: 0,1  OK",
            "AT+CENG=3 OK",
            "AT+COPS=? +COPS: (2,\"IDEA Cellular Limited\",\"IDEA\",\"40422\"),(1,\"Maharashtra\",\"CellOne\",\"40466\"),(3,\"BPL USWEST (Maharastra)\",\"BPL MO\",\"40427\"),(1,\"AirTel\",\"AirTel\",\"40490\"),(1,\"405929\",\"405929\",\"405929\"),,(0-4),(0-2)  OK",
            "AT+CSQ +CSQ: 26,0  OK",
            "AT+CENG? +CENG: 3,0  +CENG: 0,\"404,22,278d,1507,04,52\" +CENG: 1,\"404,22,278d,3112,08,50\" +CENG: 2,\"404,22,278d,2653,06,48\" +CENG: 3,\"404,22,278d,2654,02,40\" +CENG: 4,\"404,22,278d,3111,21,39\" +CENG: 5,\"404,22,278d,1506,46,39\" +CENG: 6,\"404,22,278d,3663,46,39\"  OK"
        ]
    },
    "gps": [
        {
            "GPRMC": "$GPRMC,114145.000,A,1830.7014,N,07346.4999,E,0.00,0.00,171017,,,A*68"
        }
    ]
}