{
    "timeStamp": "1508260489",
    "devID": "000000009d38c2c2",
    "totalScanTime": 55,
    "wakeCounter": 1007,
    "ble": {
        "scan1": {
            "66:D5:E6:39:63:D0": "-85"
        }
    },
    "dht": [
        " 43,22,1508260495"
    ],
    "gsm": {
        "scan1": [
            "AT OK",
            "AT+CSMINS? +CSMINS: 0,1  OK",
            "AT+CREG? +CREG: 0,1  OK",
            "AT+CENG=3 OK",
            "AT+COPS=? +COPS: (2,\"IDEA Cellular Limited\",\"IDEA\",\"40422\"),(3,\"405804\",\"405804\",\"405804\"),(3,\"BPL USWEST (Maharastra)\",\"BPL MO\",\"40427\"),(1,\"Maharashtra\",\"CellOne\",\"40466\"),(1,\"405929\",\"405929\",\"405929\"),(1,\"AirTel\",\"AirTel\",\"40490\"),,(0-4),(0-2)  OK",
            "AT+CSQ +CSQ: 25,0  OK",
            "AT+CENG? +CENG: 3,0  +CENG: 0,\"404,22,278d,3661,53,49\" +CENG: 1,\"404,22,278d,2654,02,46\" +CENG: 2,\"404,22,278d,3112,08,43\" +CENG: 3,\"404,22,278d,2653,06,37\" +CENG: 4,\"404,22,278d,1507,04,37\" +CENG: 5,\"404,22,278d,3113,37,36\" +CENG: 6,\"404,22,278d,1505,29,32\"  OK"
        ]
    },
    "gps": [
        {
            "GPRMC": "$GPRMC,114457.000,A,1830.7043,N,07346.5008,E,0.19,0.00,171017,,,A*64"
        }
    ]
}