{
    "timeStamp": "1508260729",
    "devID": "000000009d38c2c2",
    "totalScanTime": 58,
    "wakeCounter": 1009,
    "ble": {
        "scan1": {
            "66:D5:E6:39:63:D0": "-91"
        }
    },
    "dht": [
        " 42,23,1508260735"
    ],
    "gsm": {
        "scan1": [
            "AT+CREG? +CREG: 0,1  OK",
            "AT+CENG=3 OK",
            "AT+COPS=? +COPS: (2,\"IDEA Cellular Limited\",\"IDEA\",\"40422\"),(1,\"405929\",\"405929\",\"405929\"),(1,\"Maharashtra\",\"CellOne\",\"40466\"),(3,\"405804\",\"405804\",\"405804\"),(3,\"405037\",\"405037\",\"405037\"),(3,\"BPL USWEST (Maharastra)\",\"BPL MO\",\"40427\"),,(0-4),(0-2)  OK",
            "AT+CSQ +CSQ: 23,0  OK",
            "AT+CENG? +CENG: 3,0  +CENG: 0,\"404,22,278d,3112,08,51\" +CENG: 1,\"404,22,278d,3661,53,49\" +CENG: 2,\"404,22,278d,1507,04,45\" +CENG: 3,\"404,22,278d,1505,29,43\" +CENG: 4,\"404,22,278d,3111,21,37\" +CENG: 5,\"404,22,278d,2653,06,36\" +CENG: 6,\"404,22,278d,3113,37,33\"  OK"
        ]
    },
    "gps": [
        {
            "GPRMC": "$GPRMC,114857.000,A,1830.7266,N,07346.5075,E,0.50,163.89,171017,,,A*6F"
        }
    ]
}