{
    "timeStamp": "1508260806",
    "devID": "000000009d38c2c2",
    "totalScanTime": 59,
    "wakeCounter": 1010,
    "ble": {
        "scan1": {
            "66:D5:E6:39:63:D0": "-89"
        }
    },
    "dht": [
        " 42,22,1508260812"
    ],
    "gsm": {
        "scan1": [
            "AT+CREG? +CREG: 0,1  OK",
            "AT+CENG=3 OK",
            "AT+COPS=? +COPS: (2,\"IDEA Cellular Limited\",\"IDEA\",\"40422\"),(1,\"405929\",\"405929\",\"405929\"),(3,\"BPL USWEST (Maharastra)\",\"BPL MO\",\"40427\"),(3,\"405037\",\"405037\",\"405037\"),(1,\"40513\",\"40513\",\"40513\"),(1,\"Maharashtra\",\"CellOne\",\"40466\"),,(0-4),(0-2)  OK",
            "AT+CSQ +CSQ: 27,0  OK",
            "AT+CENG? +CENG: 3,0  +CENG: 0,\"404,22,278d,3112,08,54\" +CENG: 1,\"404,22,278d,3661,53,49\" +CENG: 2,\"404,22,278d,1507,04,43\" +CENG: 3,\"404,22,278d,2654,02,39\" +CENG: 4,\"404,22,278d,1505,29,39\" +CENG: 5,\"404,22,278d,2653,06,36\" +CENG: 6,\"404,22,278d,1506,46,36\"  OK"
        ]
    },
    "gps": [
        {
            "GPRMC": "$GPRMC,115014.000,A,1830.7261,N,07346.5074,E,0.00,163.89,171017,,,A*62"
        }
    ]
}