{
    "timeStamp": "1508261169",
    "devID": "000000009d38c2c2",
    "totalScanTime": 58,
    "wakeCounter": 1012,
    "ble": {
        "scan1": {
            "71:16:CB:6E:F5:51": "-82"
        }
    },
    "dht": [
        " 37,28,1508261175"
    ],
    "gsm": {
        "scan1": [
            "AT+CREG? +CREG: 0,1  OK",
            "AT+CENG=3 OK",
            "AT+COPS=? +COPS: (2,\"IDEA Cellular Limited\",\"IDEA\",\"40422\"),(1,\"405929\",\"405929\",\"405929\"),(3,\"BPL USWEST (Maharastra)\",\"BPL MO\",\"40427\"),(1,\"Maharashtra\",\"CellOne\",\"40466\"),(3,\"405804\",\"405804\",\"405804\"),,(0-4),(0-2)  OK",
            "AT+CSQ +CSQ: 25,0  OK",
            "AT+CENG? +CENG: 3,0  +CENG: 0,\"404,22,278d,3112,08,49\" +CENG: 1,\"404,22,278d,2654,02,44\" +CENG: 2,\"404,22,278d,1507,04,42\" +CENG: 3,\"404,22,278d,3661,53,41\" +CENG: 4,\"404,22,278d,2653,06,39\" +CENG: 5,\"404,22,278d,1505,29,38\" +CENG: 6,\"404,22,278d,3113,37,37\"  OK"
        ]
    },
    "gps": [
        {
            "GPRMC": "$GPRMC,115617.000,A,1830.7181,N,07346.5008,E,0.00,159.22,171017,,,A*69"
        }
    ]
}