{
    "timeStamp": "1508774069",
    "devID": "000000009d38c2c2",
    "totalScanTime": 85,
    "wakeCounter": 1034,
    "ble": {
        "scan1": {
            "00:A0:50:C5:76:DE": "-61",
            "D5:E7:94:C4:E6:9E": "-96",
            "D6:E8:95:C5:E7:9F": "-96",
            "00:A0:50:C5:75:B5": "-55",
            "00:A0:50:C5:75:B4": "-60",
            "00:A0:50:C5:75:74": "-69",
            "00:A0:50:C5:76:86": "-64",
            "00:A0:50:C5:75:53": "-66",
            "54:B3:8F:09:A2:F4": "-92",
            "00:A0:50:C5:65:4D": "-61",
            "00:A0:50:C5:65:17": "-67",
            "00:A0:50:C5:65:4A": "-58",
            "00:A0:50:C5:65:11": "-65",
            "00:A0:50:C5:65:4C": "-67",
            "00:A0:50:C5:75:6C": "-70",
            "00:A0:50:C5:75:6B": "-61",
            "00:A0:50:C5:76:9A": "-68",
            "00:A0:50:C5:76:93": "-64",
            "00:A0:50:C5:76:EA": "-59",
            "00:A0:50:C5:75:64": "-59",
            "00:A0:50:C5:65:1B": "-57",
            "00:A0:50:C5:75:65": "-61",
            "00:A0:50:C5:75:63": "-74",
            "00:A0:50:C5:76:95": "-57",
            "00:A0:50:C5:76:94": "-57",
            "C9:94:C2:68:8D:E8": "-97",
            "00:A0:50:C5:76:91": "-60",
            "00:A0:50:C5:65:0E": "-59",
            "00:A0:50:C5:76:CB": "-70",
            "00:A0:50:C5:76:8D": "-59",
            "D8:C7:71:85:91:69": "-96",
            "EA:92:62:38:5B:1D": "-95",
            "00:A0:50:C5:75:6A": "-54",
            "00:A0:50:C5:65:25": "-70",
            "00:A0:50:C5:75:5F": "-54"
        },
        "scan2": {
            "00:A0:50:C5:76:DE": "-70",
            "00:A0:50:C5:76:95": "-56",
            "00:A0:50:C5:75:53": "-70",
            "00:A0:50:C5:65:0E": "-57",
            "00:A0:50:C5:75:B5": "-72",
            "00:A0:50:C5:75:B4": "-56",
            "00:A0:50:C5:75:74": "-68",
            "00:A0:50:C5:76:86": "-63",
            "54:B3:8F:09:A2:F4": "-97",
            "00:A0:50:C5:65:17": "-64",
            "00:A0:50:C5:65:4D": "-59",
            "00:A0:50:C5:65:4A": "-61",
            "00:A0:50:C5:65:11": "-62",
            "00:A0:50:C5:65:4C": "-76",
            "00:A0:50:C5:75:6C": "-61",
            "00:A0:50:C5:75:6B": "-55",
            "00:A0:50:C5:75:6A": "-58",
            "00:A0:50:C5:76:EA": "-56",
            "00:A0:50:C5:76:94": "-54",
            "00:A0:50:C5:65:1B": "-59",
            "00:A0:50:C5:65:1A": "-62",
            "00:A0:50:C5:75:63": "-69",
            "00:A0:50:C5:75:65": "-60",
            "00:A0:50:C5:75:64": "-58",
            "00:A0:50:C5:76:93": "-59",
            "00:A0:50:C5:76:91": "-60",
            "00:A0:50:C5:76:CB": "-62",
            "00:A0:50:C5:76:8D": "-64",
            "D8:C7:71:85:91:69": "-91",
            "00:A0:50:C5:76:9A": "-67",
            "00:A0:50:C5:65:25": "-73",
            "00:A0:50:C5:75:5F": "-55"
        },
        "scan3": {
            "00:A0:50:C5:76:DE": "-66",
            "00:A0:50:C5:75:53": "-70",
            "00:A0:50:C5:65:0E": "-59",
            "00:A0:50:C5:75:B5": "-74",
            "00:A0:50:C5:75:B4": "-61",
            "00:A0:50:C5:75:74": "-63",
            "00:A0:50:C5:76:86": "-72",
            "00:A0:50:C5:65:17": "-62",
            "00:A0:50:C5:65:4D": "-66",
            "00:A0:50:C5:65:4A": "-60",
            "00:A0:50:C5:65:11": "-62",
            "00:A0:50:C5:65:4C": "-63",
            "00:A0:50:C5:75:6C": "-71",
            "00:A0:50:C5:75:6B": "-66",
            "00:A0:50:C5:76:9A": "-58",
            "00:A0:50:C5:76:EA": "-62",
            "00:A0:50:C5:75:64": "-58",
            "00:A0:50:C5:65:1B": "-56",
            "00:A0:50:C5:65:1A": "-69",
            "00:A0:50:C5:75:65": "-57",
            "00:A0:50:C5:75:63": "-61",
            "00:A0:50:C5:76:95": "-55",
            "00:A0:50:C5:76:94": "-55",
            "00:A0:50:C5:76:93": "-60",
            "00:A0:50:C5:76:91": "-65",
            "00:A0:50:C5:76:CB": "-68",
            "00:A0:50:C5:76:8D": "-58",
            "D8:C7:71:85:91:69": "-95",
            "00:A0:50:C5:75:6A": "-56",
            "00:A0:50:C5:65:25": "-65",
            "00:A0:50:C5:75:5F": "-55"
        }
    },
    "dht": [
        " 35,50,1508774075"
    ],
    "gsm": {
        "scan1": [
            "AT+CREG? +CREG: 0,1  OK",
            "AT+CENG=3 OK",
            "AT+COPS=? +COPS: (2,\"IDEA Cellular Limited\",\"IDEA\",\"40422\"),(3,\"405037\",\"405037\",\"405037\"),(3,\"BPL USWEST (Maharastra)\",\"BPL MO\",\"40427\"),(3,\"405804\",\"405804\",\"405804\"),(1,\"AirTel\",\"AirTel\",\"40490\"),(1,\"Maharashtra\",\"CellOne\",\"40466\"),,(0-4),(0-2)  OK",
            "AT+CSQ +CSQ: 27,0  OK",
            "AT+CENG? +CENG: 3,0  +CENG: 0,\"404,22,278d,206d,25,54\" +CENG: 1,\"404,22,278d,1507,04,42\" +CENG: 2,\"404,22,278d,3112,08,41\" +CENG: 3,\"404,22,278d,1506,46,39\" +CENG: 4,\"404,22,278d,1505,29,36\" +CENG: 5,\"404,22,278d,3661,53,34\" +CENG: 6,\"404,22,278d,2653,06,31\"  OK"
        ]
    },
    "gps": [
        {
            "GPRMC": "$GPRMC,102438.000,A,1830.6791,N,07346.6142,E,0.00,320.75,231017,,,A*63"
        }
    ]
}