{
    "timeStamp": "1508774185",
    "devID": "000000009d38c2c2",
    "totalScanTime": 53,
    "wakeCounter": 1035,
    "ble": {
        "scan1": {
            "00:A0:50:C5:76:DE": "-57",
            "00:A0:50:C5:76:95": "-58",
            "00:A0:50:C5:75:53": "-64",
            "00:A0:50:C5:65:0E": "-54",
            "00:A0:50:C5:75:B5": "-71",
            "00:A0:50:C5:75:B4": "-61",
            "00:A0:50:C5:75:74": "-65",
            "00:A0:50:C5:76:86": "-58",
            "00:A0:50:C5:65:17": "-60",
            "00:A0:50:C5:65:4D": "-62",
            "00:A0:50:C5:65:4A": "-63",
            "00:A0:50:C5:65:11": "-62",
            "00:A0:50:C5:65:4C": "-60",
            "00:A0:50:C5:75:6C": "-62",
            "00:A0:50:C5:75:6B": "-56",
            "00:A0:50:C5:75:6A": "-55",
            "00:A0:50:C5:76:EA": "-57",
            "00:A0:50:C5:76:94": "-53",
            "00:A0:50:C5:65:1B": "-56",
            "00:A0:50:C5:65:1A": "-58",
            "00:A0:50:C5:75:63": "-66",
            "00:A0:50:C5:75:65": "-59",
            "00:A0:50:C5:75:64": "-57",
            "00:A0:50:C5:76:93": "-64",
            "00:A0:50:C5:76:91": "-62",
            "00:A0:50:C5:76:CB": "-69",
            "00:A0:50:C5:76:8D": "-58",
            "00:A0:50:C5:76:9A": "-57",
            "00:A0:50:C5:65:25": "-63",
            "00:A0:50:C5:75:5F": "-58"
        }
    },
    "dht": [
        " 37,43,1508774191"
    ],
    "gsm": {
        "scan1": [
            "AT+CREG? +CREG: 0,1  OK",
            "AT+CENG=3 OK",
            "AT+COPS=? +COPS: (2,\"IDEA Cellular Limited\",\"IDEA\",\"40422\"),(1,\"AirTel\",\"AirTel\",\"40490\"),(1,\"Maharashtra\",\"CellOne\",\"40466\"),(3,\"BPL USWEST (Maharastra)\",\"BPL MO\",\"40427\"),,(0-4),(0-2)  OK",
            "AT+CSQ +CSQ: 24,0  OK",
            "AT+CENG? +CENG: 3,0  +CENG: 0,\"404,22,278d,3661,53,48\" +CENG: 1,\"404,22,278d,3662,46,61\" +CENG: 2,\"404,22,278d,206d,25,41\" +CENG: 3,\"404,22,278d,2fc7,41,37\" +CENG: 4,\"404,22,278d,2fc9,09,35\" +CENG: 5,\"404,22,278d,3663,46,34\" +CENG: 6,\",,0000,ffff,00,44\"  OK"
        ]
    },
    "gps": [
        {
            "GPRMC": "$GPRMC,102634.000,A,1830.6644,N,07346.7441,E,10.64,82.21,231017,,,A*6A"
        }
    ]
}