{
    "timeStamp": "1508774721",
    "devID": "000000009d38c2c2",
    "totalScanTime": 56,
    "wakeCounter": 1037,
    "ble": {
        "scan1": {
            "00:A0:50:C5:76:DE": "-62",
            "00:A0:50:C5:75:53": "-54",
            "00:A0:50:C5:65:0E": "-54",
            "00:A0:50:C5:75:B5": "-55",
            "00:A0:50:C5:75:B4": "-83",
            "00:A0:50:C5:75:74": "-64",
            "00:A0:50:C5:76:86": "-57",
            "00:A0:50:C5:65:17": "-67",
            "00:A0:50:C5:65:4D": "-52",
            "00:A0:50:C5:65:4A": "-63",
            "00:A0:50:C5:65:11": "-59",
            "00:A0:50:C5:65:4C": "-55",
            "00:A0:50:C5:75:6C": "-58",
            "00:A0:50:C5:76:95": "-55",
            "00:A0:50:C5:75:6A": "-65",
            "00:A0:50:C5:76:EA": "-54",
            "00:A0:50:C5:76:94": "-68",
            "00:A0:50:C5:65:1B": "-58",
            "00:A0:50:C5:65:1A": "-61",
            "00:A0:50:C5:75:63": "-64",
            "00:A0:50:C5:75:65": "-65",
            "00:A0:50:C5:75:64": "-56",
            "00:A0:50:C5:76:93": "-59",
            "00:A0:50:C5:76:91": "-63",
            "00:A0:50:C5:76:CB": "-63",
            "00:A0:50:C5:76:8D": "-61",
            "00:A0:50:C5:75:6B": "-55",
            "00:A0:50:C5:76:9A": "-65",
            "00:A0:50:C5:65:25": "-73",
            "00:A0:50:C5:75:5F": "-59"
        }
    },
    "dht": [
        " 42,23,1508774727"
    ],
    "gsm": {
        "scan1": [
            "AT+CREG? +CREG: 0,1  OK",
            "AT+CENG=3 OK",
            "AT+COPS=? +COPS: (2,\"IDEA Cellular Limited\",\"IDEA\",\"40422\"),(3,\"BPL USWEST (Maharastra)\",\"BPL MO\",\"40427\"),(1,\"AirTel\",\"AirTel\",\"40490\"),(1,\"Maharashtra\",\"CellOne\",\"40466\"),(3,\"405804\",\"405804\",\"405804\"),,(0-4),(0-2)  OK",
            "AT+CSQ +CSQ: 31,0  OK",
            "AT+CENG? +CENG: 3,0  +CENG: 0,\"404,22,278d,01eb,12,64\" +CENG: 1,\"404,22,278d,01ec,37,56\" +CENG: 2,\"404,22,278d,2fc8,36,47\" +CENG: 3,\",,0000,ffff,00,40\" +CENG: 4,\"404,22,278d,2fc7,00,38\" +CENG: 5,\",,0000,ffff,46,34\" +CENG: 6,\",,0000,ffff,00,33\"  OK"
        ]
    },
    "gps": [
        {
            "GPRMC": "$GPRMC,103529.000,A,1830.4863,N,07346.9789,E,5.59,132.52,231017,,,A*60"
        }
    ]
}