{
    "timeStamp": "1508774806",
    "devID": "000000009d38c2c2",
    "totalScanTime": 53,
    "wakeCounter": 1038,
    "ble": {
        "scan1": {
            "00:A0:50:C5:76:DE": "-89",
            "00:A0:50:C5:76:95": "-61",
            "00:A0:50:C5:75:53": "-54",
            "00:A0:50:C5:65:0E": "-62",
            "00:A0:50:C5:75:B5": "-53",
            "00:A0:50:C5:75:B4": "-59",
            "00:A0:50:C5:75:74": "-68",
            "00:A0:50:C5:76:86": "-60",
            "00:A0:50:C5:65:17": "-62",
            "00:A0:50:C5:65:4D": "-65",
            "00:A0:50:C5:65:4A": "-63",
            "00:A0:50:C5:65:11": "-53",
            "00:A0:50:C5:65:4C": "-63",
            "00:A0:50:C5:75:6C": "-63",
            "00:A0:50:C5:75:6B": "-68",
            "00:A0:50:C5:75:6A": "-60",
            "00:A0:50:C5:76:EA": "-54",
            "00:A0:50:C5:76:94": "-63",
            "00:A0:50:C5:65:1B": "-60",
            "00:A0:50:C5:65:1A": "-55",
            "00:A0:50:C5:75:63": "-67",
            "00:A0:50:C5:75:65": "-60",
            "00:A0:50:C5:75:64": "-57",
            "00:A0:50:C5:76:93": "-62",
            "00:A0:50:C5:76:91": "-65",
            "00:A0:50:C5:76:CB": "-61",
            "00:A0:50:C5:76:8D": "-59",
            "00:A0:50:C5:76:9A": "-63",
            "00:A0:50:C5:65:25": "-60",
            "00:A0:50:C5:75:5F": "-60"
        }
    },
    "dht": [
        " 43,22,1508774812"
    ],
    "gsm": {
        "scan1": [
            "AT+CREG? +CREG: 0,1  OK",
            "AT+CENG=3 OK",
            "AT+COPS=? +COPS: (2,\"IDEA Cellular Limited\",\"IDEA\",\"40422\"),(3,\"BPL USWEST (Maharastra)\",\"BPL MO\",\"40427\"),(1,\"AirTel\",\"AirTel\",\"40490\"),(3,\"405804\",\"405804\",\"405804\"),(1,\"Maharashtra\",\"CellOne\",\"40466\"),,(0-4),(0-2)  OK",
            "AT+CSQ +CSQ: 31,0  OK",
            "AT+CENG? +CENG: 3,0  +CENG: 0,\"404,22,278d,01eb,12,65\" +CENG: 1,\"404,22,278d,01ec,37,47\" +CENG: 2,\"404,22,278d,2fc8,36,42\" +CENG: 3,\"404,22,2754,0a6f,21,04\" +CENG: 4,\",,0000,ffff,00,39\" +CENG: 5,\",,0000,ffff,00,35\" +CENG: 6,\",,0000,ffff,00,33\"  OK"
        ]
    },
    "gps": [
        {
            "GPRMC": "$GPRMC,103654.000,A,1830.4742,N,07347.0157,E,0.00,92.74,231017,,,A*5E"
        }
    ]
}