{
    "timeStamp": "1508774884",
    "devID": "000000009d38c2c2",
    "totalScanTime": 53,
    "wakeCounter": 1039,
    "ble": {
        "scan1": {
            "00:A0:50:C5:76:DE": "-68",
            "00:A0:50:C5:75:53": "-56",
            "00:A0:50:C5:65:0E": "-64",
            "00:A0:50:C5:75:B5": "-61",
            "00:A0:50:C5:75:B4": "-68",
            "00:A0:50:C5:75:74": "-68",
            "00:A0:50:C5:76:86": "-67",
            "00:A0:50:C5:65:17": "-67",
            "00:A0:50:C5:65:4D": "-73",
            "00:A0:50:C5:65:4A": "-53",
            "00:A0:50:C5:65:11": "-57",
            "00:A0:50:C5:65:4C": "-63",
            "00:A0:50:C5:75:6C": "-60",
            "00:A0:50:C5:76:95": "-55",
            "00:A0:50:C5:75:6A": "-64",
            "00:A0:50:C5:76:EA": "-56",
            "00:A0:50:C5:76:94": "-62",
            "00:A0:50:C5:65:1B": "-58",
            "00:A0:50:C5:65:1A": "-55",
            "00:A0:50:C5:75:63": "-63",
            "00:A0:50:C5:75:65": "-83",
            "00:A0:50:C5:75:64": "-59",
            "00:A0:50:C5:76:93": "-63",
            "00:A0:50:C5:76:91": "-51",
            "00:A0:50:C5:76:CB": "-62",
            "00:A0:50:C5:76:8D": "-56",
            "00:A0:50:C5:75:6B": "-62",
            "00:A0:50:C5:76:9A": "-66",
            "00:A0:50:C5:65:25": "-63",
            "00:A0:50:C5:75:5F": "-55"
        }
    },
    "dht": [
        " 43,22,1508774890"
    ],
    "gsm": {
        "scan1": [
            "AT+CREG? +CREG: 0,1  OK",
            "AT+CENG=3 OK",
            "AT+COPS=? +COPS: (2,\"IDEA Cellular Limited\",\"IDEA\",\"40422\"),(3,\"405804\",\"405804\",\"405804\"),(3,\"BPL USWEST (Maharastra)\",\"BPL MO\",\"40427\"),(1,\"AirTel\",\"AirTel\",\"40490\"),(1,\"Maharashtra\",\"CellOne\",\"40466\"),,(0-4),(0-2)  OK",
            "AT+CSQ +CSQ: 31,0  OK",
            "AT+CENG? +CENG: 3,0  +CENG: 0,\"404,22,278d,01eb,12,73\" +CENG: 1,\"404,22,278d,01ec,37,50\" +CENG: 2,\",,0000,ffff,00,46\" +CENG: 3,\",,0000,ffff,36,39\" +CENG: 4,\",,0000,ffff,00,38\" +CENG: 5,\",,0000,ffff,00,32\" +CENG: 6,\",,0000,ffff,06,31\"  OK"
        ]
    },
    "gps": [
        {
            "GPRMC": "$GPRMC,103812.000,A,1830.4742,N,07347.0157,E,0.00,92.74,231017,,,A*52"
        }
    ]
}