{
    "timeStamp": "1508774980",
    "devID": "000000009d38c2c2",
    "totalScanTime": 53,
    "wakeCounter": 1040,
    "ble": {
        "scan1": {
            "00:A0:50:C5:76:DE": "-69",
            "42:5A:92:07:AA:8F": "-101",
            "00:A0:50:C5:75:53": "-64",
            "00:A0:50:C5:65:0E": "-57",
            "00:A0:50:C5:75:B5": "-64",
            "00:A0:50:C5:75:B4": "-59",
            "53:47:C0:F8:2B:E8": "-95",
            "00:A0:50:C5:75:74": "-74",
            "00:A0:50:C5:76:86": "-60",
            "00:A0:50:C5:65:4D": "-57",
            "00:A0:50:C5:65:17": "-59",
            "00:A0:50:C5:65:4A": "-50",
            "00:A0:50:C5:65:11": "-58",
            "00:A0:50:C5:65:4C": "-58",
            "00:A0:50:C5:75:6C": "-57",
            "00:A0:50:C5:75:6B": "-59",
            "00:A0:50:C5:76:9A": "-58",
            "00:A0:50:C5:76:EA": "-57",
            "00:A0:50:C5:75:64": "-60",
            "00:A0:50:C5:65:1B": "-62",
            "00:A0:50:C5:65:1A": "-59",
            "00:A0:50:C5:75:65": "-60",
            "00:A0:50:C5:75:63": "-71",
            "00:A0:50:C5:76:95": "-57",
            "00:A0:50:C5:76:94": "-60",
            "00:A0:50:C5:76:93": "-67",
            "00:A0:50:C5:76:91": "-59",
            "00:A0:50:C5:76:CB": "-67",
            "00:A0:50:C5:76:8D": "-64",
            "00:A0:50:C5:75:6A": "-58",
            "00:A0:50:C5:65:25": "-63",
            "00:A0:50:C5:75:5F": "-58"
        }
    },
    "dht": [
        " 43,21,1508774986"
    ],
    "gsm": {
        "scan1": [
            "AT+CREG? +CREG: 0,1  OK",
            "AT+CENG=3 OK",
            "AT+COPS=? +COPS: (2,\"IDEA Cellular Limited\",\"IDEA\",\"40422\"),(1,\"Maharashtra\",\"CellOne\",\"40466\"),(3,\"BPL USWEST (Maharastra)\",\"BPL MO\",\"40427\"),(1,\"AirTel\",\"AirTel\",\"40490\"),(3,\"405804\",\"405804\",\"405804\"),,(0-4),(0-2)  OK",
            "AT+CSQ +CSQ: 31,0  OK",
            "AT+CENG? +CENG: 3,0  +CENG: 0,\"404,22,278d,01eb,12,71\" +CENG: 1,\"404,22,278d,01ec,37,50\" +CENG: 2,\",,0000,ffff,00,45\" +CENG: 3,\"404,22,278d,2fc8,36,39\" +CENG: 4,\",,0000,ffff,00,37\" +CENG: 5,\",,0000,ffff,00,33\" +CENG: 6,\",,0000,ffff,00,32\"  OK"
        ]
    },
    "gps": [
        {
            "GPRMC": "$GPRMC,103948.000,A,1830.4742,N,07347.0157,E,0.00,92.74,231017,,,A*5C"
        }
    ]
}