{
    "timeStamp": "1508775078",
    "devID": "000000009d38c2c2",
    "totalScanTime": 52,
    "wakeCounter": 1041,
    "ble": {
        "scan1": {
            "00:A0:50:C5:76:DE": "-80",
            "00:A0:50:C5:75:53": "-72",
            "00:A0:50:C5:65:0E": "-65",
            "00:A0:50:C5:75:B5": "-67",
            "00:A0:50:C5:75:B4": "-60",
            "00:A0:50:C5:75:74": "-69",
            "00:A0:50:C5:76:86": "-66",
            "00:A0:50:C5:65:17": "-64",
            "72:D6:05:1E:7C:56": "-98",
            "00:A0:50:C5:65:4D": "-58",
            "00:A0:50:C5:65:4A": "-59",
            "00:A0:50:C5:65:11": "-59",
            "00:A0:50:C5:65:4C": "-61",
            "00:A0:50:C5:75:6C": "-63",
            "00:A0:50:C5:76:95": "-60",
            "00:A0:50:C5:76:9A": "-59",
            "00:A0:50:C5:76:93": "-73",
            "00:A0:50:C5:76:EA": "-58",
            "00:A0:50:C5:76:94": "-54",
            "00:A0:50:C5:65:1B": "-65",
            "00:A0:50:C5:65:1A": "-59",
            "E4:50:73:B2:AF:C6": "-90",
            "00:A0:50:C5:75:65": "-62",
            "00:A0:50:C5:75:64": "-54",
            "00:A0:50:C5:75:63": "-65",
            "00:A0:50:C5:76:91": "-56",
            "00:A0:50:C5:76:CB": "-75",
            "78:97:EA:EF:C5:A5": "-97",
            "00:A0:50:C5:76:8D": "-70",
            "00:A0:50:C5:75:6B": "-57",
            "00:A0:50:C5:75:6A": "-60",
            "00:A0:50:C5:65:25": "-69",
            "00:A0:50:C5:75:5F": "-66"
        }
    },
    "dht": [
        " 44,20,1508775084"
    ],
    "gsm": {
        "scan1": [
            "AT+CREG? +CREG: 0,1  OK",
            "AT+CENG=3 OK",
            "AT+COPS=? +COPS: (2,\"IDEA Cellular Limited\",\"IDEA\",\"40422\"),(3,\"405804\",\"405804\",\"405804\"),(3,\"BPL USWEST (Maharastra)\",\"BPL MO\",\"40427\"),(1,\"AirTel\",\"AirTel\",\"40490\"),(1,\"Maharashtra\",\"CellOne\",\"40466\"),,(0-4),(0-2)  OK",
            "AT+CSQ +CSQ: 31,0  OK",
            "AT+CENG? +CENG: 3,0  +CENG: 0,\"404,22,278d,01eb,12,72\" +CENG: 1,\"404,22,278d,01ec,37,53\" +CENG: 2,\"404,22,278d,2fc8,36,39\" +CENG: 3,\",,0000,ffff,00,46\" +CENG: 4,\",,0000,ffff,00,39\" +CENG: 5,\",,0000,ffff,35,32\" +CENG: 6,\",,0000,ffff,00,32\"  OK"
        ]
    },
    "gps": [
        {
            "GPRMC": "$GPRMC,104126.000,A,1830.4762,N,07347.0091,E,0.00,335.28,231017,,,A*65"
        }
    ]
}