{
    "timeStamp": "1508775301",
    "devID": "000000009d38c2c2",
    "totalScanTime": 56,
    "wakeCounter": 1043,
    "ble": {
        "scan1": {
            "00:A0:50:C5:76:DE": "-71",
            "00:A0:50:C5:75:53": "-65",
            "00:A0:50:C5:65:0E": "-60",
            "00:A0:50:C5:75:B5": "-66",
            "00:A0:50:C5:75:B4": "-57",
            "00:A0:50:C5:75:74": "-58",
            "00:A0:50:C5:76:86": "-67",
            "00:A0:50:C5:65:17": "-57",
            "00:A0:50:C5:65:4D": "-48",
            "00:A0:50:C5:65:4A": "-54",
            "00:A0:50:C5:65:11": "-59",
            "00:A0:50:C5:65:4C": "-67",
            "00:A0:50:C5:75:6C": "-69",
            "00:A0:50:C5:76:95": "-56",
            "00:A0:50:C5:75:6A": "-61",
            "00:A0:50:C5:76:EA": "-59",
            "00:A0:50:C5:76:94": "-59",
            "00:A0:50:C5:65:1B": "-61",
            "00:A0:50:C5:65:1A": "-61",
            "00:A0:50:C5:75:63": "-62",
            "00:A0:50:C5:75:65": "-60",
            "00:A0:50:C5:75:64": "-62",
            "00:A0:50:C5:76:93": "-72",
            "00:A0:50:C5:76:91": "-71",
            "00:A0:50:C5:76:CB": "-67",
            "00:A0:50:C5:76:8D": "-57",
            "00:A0:50:C5:75:6B": "-68",
            "00:A0:50:C5:76:9A": "-62",
            "00:A0:50:C5:65:25": "-60",
            "00:A0:50:C5:75:5F": "-63"
        }
    },
    "dht": [
        " 45,19,1508775307"
    ],
    "gsm": {
        "scan1": [
            "AT+CREG? +CREG: 0,1  OK",
            "AT+CENG=3 OK",
            "AT+COPS=? +COPS: (2,\"IDEA Cellular Limited\",\"IDEA\",\"40422\"),(1,\"AirTel\",\"AirTel\",\"40490\"),(3,\"BPL USWEST (Maharastra)\",\"BPL MO\",\"40427\"),(3,\"405804\",\"405804\",\"405804\"),(1,\"Maharashtra\",\"CellOne\",\"40466\"),,(0-4),(0-2)  OK",
            "AT+CSQ +CSQ: 31,0  OK",
            "AT+CENG? +CENG: 3,0  +CENG: 0,\"404,22,278d,01eb,12,70\" +CENG: 1,\"404,22,278d,01ec,37,49\" +CENG: 2,\"404,22,278d,2fc8,36,38\" +CENG: 3,\",,0000,ffff,00,45\" +CENG: 4,\",,0000,ffff,00,38\" +CENG: 5,\",,0000,ffff,00,32\" +CENG: 6,\",,0000,ffff,35,32\"  OK"
        ]
    },
    "gps": [
        {
            "GPRMC": "$GPRMC,104509.000,A,1830.4782,N,07347.0337,E,0.00,343.25,231017,,,A*61"
        }
    ]
}