{
    "timeStamp": "1508775373",
    "devID": "000000009d38c2c2",
    "totalScanTime": 53,
    "wakeCounter": 1044,
    "ble": {
        "scan1": {
            "00:A0:50:C5:76:DE": "-81",
            "00:A0:50:C5:75:53": "-68",
            "00:A0:50:C5:65:0E": "-56",
            "00:A0:50:C5:75:B5": "-62",
            "00:A0:50:C5:75:B4": "-60",
            "00:A0:50:C5:75:74": "-61",
            "00:A0:50:C5:76:86": "-65",
            "00:A0:50:C5:65:17": "-62",
            "00:A0:50:C5:65:4D": "-53",
            "00:A0:50:C5:65:4A": "-52",
            "00:A0:50:C5:65:11": "-66",
            "00:A0:50:C5:65:4C": "-54",
            "00:A0:50:C5:75:6C": "-62",
            "00:A0:50:C5:76:95": "-58",
            "00:A0:50:C5:76:9A": "-57",
            "00:A0:50:C5:76:EA": "-54",
            "00:A0:50:C5:76:94": "-60",
            "00:A0:50:C5:65:1B": "-59",
            "00:A0:50:C5:65:1A": "-70",
            "00:A0:50:C5:75:63": "-69",
            "00:A0:50:C5:75:65": "-59",
            "00:A0:50:C5:75:64": "-55",
            "00:A0:50:C5:76:93": "-62",
            "00:A0:50:C5:76:91": "-66",
            "00:A0:50:C5:76:CB": "-66",
            "00:A0:50:C5:76:8D": "-59",
            "59:C3:F2:56:D3:14": "-99",
            "00:A0:50:C5:75:6B": "-65",
            "00:A0:50:C5:75:6A": "-67",
            "00:A0:50:C5:65:25": "-72",
            "00:A0:50:C5:75:5F": "-61"
        }
    },
    "dht": [
        " 45,18,1508775379"
    ],
    "gsm": {
        "scan1": [
            "AT+CREG? +CREG: 0,1  OK",
            "AT+CENG=3 OK",
            "AT+COPS=? +COPS: (2,\"IDEA Cellular Limited\",\"IDEA\",\"40422\"),(3,\"BPL USWEST (Maharastra)\",\"BPL MO\",\"40427\"),(1,\"AirTel\",\"AirTel\",\"40490\"),(1,\"Maharashtra\",\"CellOne\",\"40466\"),(3,\"405804\",\"405804\",\"405804\"),,(0-4),(0-2)  OK",
            "AT+CSQ +CSQ: 31,0  OK",
            "AT+CENG? +CENG: 3,0  +CENG: 0,\"404,22,278d,01eb,12,72\" +CENG: 1,\"404,22,278d,01ec,37,54\" +CENG: 2,\"404,22,278d,206f,35,38\" +CENG: 3,\",,0000,ffff,00,46\" +CENG: 4,\",,0000,ffff,00,39\" +CENG: 5,\",,0000,ffff,46,33\" +CENG: 6,\",,0000,ffff,35,32\"  OK"
        ]
    },
    "gps": [
        {
            "GPRMC": "$GPRMC,104622.000,A,1830.4782,N,07347.0337,E,0.00,343.25,231017,,,A*6B"
        }
    ]
}