{
    "timeStamp": "1508775561",
    "devID": "000000009d38c2c2",
    "totalScanTime": 53,
    "wakeCounter": 1046,
    "ble": {
        "scan1": {
            "00:A0:50:C5:76:DE": "-57",
            "00:A0:50:C5:75:53": "-67",
            "00:A0:50:C5:65:0E": "-54",
            "00:A0:50:C5:75:B5": "-56",
            "00:A0:50:C5:75:B4": "-60",
            "00:A0:50:C5:75:74": "-71",
            "00:A0:50:C5:76:86": "-63",
            "00:A0:50:C5:65:17": "-56",
            "00:A0:50:C5:65:4D": "-58",
            "00:A0:50:C5:65:4A": "-53",
            "00:A0:50:C5:65:11": "-65",
            "00:A0:50:C5:65:4C": "-72",
            "00:A0:50:C5:75:6C": "-63",
            "00:A0:50:C5:76:95": "-60",
            "00:A0:50:C5:76:9A": "-59",
            "00:A0:50:C5:76:EA": "-52",
            "00:A0:50:C5:76:94": "-56",
            "00:A0:50:C5:65:1B": "-61",
            "00:A0:50:C5:65:1A": "-63",
            "00:A0:50:C5:75:63": "-65",
            "00:A0:50:C5:75:65": "-58",
            "00:A0:50:C5:75:64": "-64",
            "00:A0:50:C5:76:93": "-64",
            "00:A0:50:C5:76:91": "-62",
            "00:A0:50:C5:76:CB": "-57",
            "00:A0:50:C5:76:8D": "-58",
            "00:A0:50:C5:75:6B": "-63",
            "00:A0:50:C5:75:6A": "-53",
            "00:A0:50:C5:65:25": "-67",
            "00:A0:50:C5:75:5F": "-57"
        }
    },
    "dht": [
        " 45,18,1508775567"
    ],
    "gsm": {
        "scan1": [
            "AT+CREG? +CREG: 0,1  OK",
            "AT+CENG=3 OK",
            "AT+COPS=? +COPS: (2,\"IDEA Cellular Limited\",\"IDEA\",\"40422\"),(1,\"Maharashtra\",\"CellOne\",\"40466\"),(3,\"BPL USWEST (Maharastra)\",\"BPL MO\",\"40427\"),(1,\"AirTel\",\"AirTel\",\"40490\"),(3,\"405804\",\"405804\",\"405804\"),,(0-4),(0-2)  OK",
            "AT+CSQ +CSQ: 31,0  OK",
            "AT+CENG? +CENG: 3,0  +CENG: 0,\"404,22,278d,01eb,12,73\" +CENG: 1,\"404,22,278d,01ec,37,56\" +CENG: 2,\"404,22,278d,2fc8,36,40\" +CENG: 3,\",,0000,ffff,00,46\" +CENG: 4,\",,0000,ffff,00,39\" +CENG: 5,\",,0000,ffff,00,33\" +CENG: 6,\",,0000,ffff,00,31\"  OK"
        ]
    },
    "gps": [
        {
            "GPRMC": "$GPRMC,104930.000,A,1830.4782,N,07347.0337,E,0.00,343.25,231017,,,A*67"
        }
    ]
}