{
    "timeStamp": "1508775650",
    "devID": "000000009d38c2c2",
    "totalScanTime": 55,
    "wakeCounter": 1047,
    "ble": {
        "scan1": {
            "00:A0:50:C5:76:DE": "-63",
            "00:A0:50:C5:75:53": "-58",
            "00:A0:50:C5:65:0E": "-63",
            "00:A0:50:C5:75:B5": "-71",
            "00:A0:50:C5:75:B4": "-41",
            "00:A0:50:C5:75:74": "-47",
            "00:A0:50:C5:76:86": "-44",
            "00:A0:50:C5:65:17": "-53",
            "00:A0:50:C5:65:4D": "-55",
            "00:A0:50:C5:65:4A": "-57",
            "00:A0:50:C5:65:11": "-63",
            "00:A0:50:C5:65:4C": "-45",
            "00:A0:50:C5:75:6C": "-78",
            "00:A0:50:C5:76:95": "-45",
            "00:A0:50:C5:76:9A": "-50",
            "00:A0:50:C5:76:EA": "-55",
            "00:A0:50:C5:75:64": "-59",
            "00:A0:50:C5:65:1B": "-57",
            "00:A0:50:C5:65:1A": "-67",
            "00:A0:50:C5:75:63": "-46",
            "00:A0:50:C5:75:65": "-64",
            "00:A0:50:C5:76:94": "-43",
            "00:A0:50:C5:76:93": "-61",
            "00:A0:50:C5:76:91": "-61",
            "00:A0:50:C5:76:CB": "-55",
            "00:A0:50:C5:76:8D": "-44",
            "00:A0:50:C5:75:5F": "-47",
            "00:A0:50:C5:75:6B": "-59",
            "00:A0:50:C5:75:6A": "-59",
            "00:A0:50:C5:65:25": "-60",
            "6D:E6:CB:DC:FD:79": "-94"
        }
    },
    "dht": [
        " 45,17,1508775656"
    ],
    "gsm": {
        "scan1": [
            "AT+CREG? +CREG: 0,1  OK",
            "AT+CENG=3 OK",
            "AT+COPS=? +COPS: (2,\"IDEA Cellular Limited\",\"IDEA\",\"40422\"),(1,\"40513\",\"40513\",\"40513\"),(3,\"BPL USWEST (Maharastra)\",\"BPL MO\",\"40427\"),(1,\"Maharashtra\",\"CellOne\",\"40466\"),(3,\"405037\",\"405037\",\"405037\"),,(0-4),(0-2)  OK",
            "AT+CSQ +CSQ: 27,0  OK",
            "AT+CENG? +CENG: 3,0  +CENG: 0,\"404,22,278d,01ec,37,53\" +CENG: 1,\"404,22,273a,030d,42,41\" +CENG: 2,\"404,22,273a,030f,21,37\" +CENG: 3,\"404,22,273a,21ff,20,34\" +CENG: 4,\"404,22,273a,21fd,42,33\" +CENG: 5,\"404,22,278d,01eb,12,30\" +CENG: 6,\"404,22,273a,030e,05,28\"  OK"
        ]
    },
    "gps": [
        {
            "GPRMC": "$GPRMC,105058.000,A,1830.4746,N,07347.2554,E,13.67,75.17,231017,,,D*69"
        }
    ]
}