{
    "timeStamp": "1508775730",
    "devID": "000000009d38c2c2",
    "totalScanTime": 54,
    "wakeCounter": 1048,
    "ble": {
        "scan1": {
            "00:A0:50:C5:76:DE": "-67",
            "00:A0:50:C5:75:53": "-47",
            "00:A0:50:C5:65:0E": "-59",
            "00:A0:50:C5:75:B5": "-47",
            "00:A0:50:C5:75:B4": "-53",
            "00:A0:50:C5:75:74": "-55",
            "00:A0:50:C5:76:86": "-58",
            "00:A0:50:C5:65:17": "-56",
            "00:A0:50:C5:65:4D": "-46",
            "00:A0:50:C5:65:4A": "-53",
            "00:A0:50:C5:65:11": "-53",
            "00:A0:50:C5:65:4C": "-53",
            "00:A0:50:C5:75:6C": "-68",
            "00:A0:50:C5:75:6B": "-62",
            "00:A0:50:C5:76:9A": "-65",
            "00:A0:50:C5:76:EA": "-57",
            "00:A0:50:C5:75:64": "-51",
            "00:A0:50:C5:65:1B": "-59",
            "00:A0:50:C5:65:1A": "-60",
            "00:A0:50:C5:75:65": "-51",
            "00:A0:50:C5:75:63": "-54",
            "00:A0:50:C5:76:95": "-51",
            "00:A0:50:C5:76:94": "-57",
            "00:A0:50:C5:76:93": "-63",
            "00:A0:50:C5:76:91": "-62",
            "00:A0:50:C5:76:CB": "-69",
            "00:A0:50:C5:76:8D": "-57",
            "5C:34:5F:D6:09:51": "-92",
            "00:A0:50:C5:75:6A": "-54",
            "00:A0:50:C5:65:25": "-59",
            "00:A0:50:C5:75:5F": "-58"
        }
    },
    "dht": [
        " 45,17,1508775736"
    ],
    "gsm": {
        "scan1": [
            "AT+CREG? +CREG: 0,1  OK",
            "AT+CENG=3 OK",
            "AT+COPS=? +COPS: (2,\"IDEA Cellular Limited\",\"IDEA\",\"40422\"),(1,\"Maharashtra\",\"CellOne\",\"40466\"),(3,\"BPL USWEST (Maharastra)\",\"BPL MO\",\"40427\"),(1,\"40513\",\"40513\",\"40513\"),(1,\"AirTel\",\"AirTel\",\"40490\"),(3,\"405037\",\"405037\",\"405037\"),,(0-4),(0-2)  OK",
            "AT+CSQ +CSQ: 23,0  OK",
            "AT+CENG? +CENG: 3,0  +CENG: 0,\"404,22,278d,01ec,37,46\" +CENG: 1,\"404,22,278d,01eb,12,35\" +CENG: 2,\"404,22,273a,030d,42,28\" +CENG: 3,\"404,22,278d,2fc8,36,27\" +CENG: 4,\"404,22,273a,24d8,39,25\" +CENG: 5,\"404,22,273a,030f,21,33\" +CENG: 6,\",,0000,ffff,05,28\"  OK"
        ]
    },
    "gps": [
        {
            "GPRMC": "$GPRMC,105219.000,A,1830.4310,N,07347.1188,E,13.87,279.47,231017,,,D*5A"
        }
    ]
}