{
    "timeStamp": "1508775818",
    "devID": "000000009d38c2c2",
    "totalScanTime": 54,
    "wakeCounter": 1049,
    "ble": {
        "scan1": {
            "00:A0:50:C5:76:DE": "-64",
            "00:A0:50:C5:75:53": "-45",
            "00:A0:50:C5:65:0E": "-55",
            "00:A0:50:C5:75:B5": "-48",
            "00:A0:50:C5:75:B4": "-52",
            "00:A0:50:C5:75:74": "-56",
            "00:A0:50:C5:76:86": "-57",
            "00:A0:50:C5:65:4D": "-46",
            "00:A0:50:C5:65:17": "-59",
            "00:A0:50:C5:65:4A": "-53",
            "00:A0:50:C5:65:11": "-51",
            "00:A0:50:C5:65:4C": "-51",
            "00:A0:50:C5:75:6C": "-65",
            "00:A0:50:C5:75:6B": "-59",
            "00:A0:50:C5:76:9A": "-60",
            "00:A0:50:C5:76:EA": "-55",
            "00:A0:50:C5:75:64": "-52",
            "00:A0:50:C5:65:1B": "-54",
            "00:A0:50:C5:65:1A": "-55",
            "00:A0:50:C5:75:65": "-55",
            "00:A0:50:C5:76:93": "-53",
            "00:A0:50:C5:76:95": "-46",
            "00:A0:50:C5:76:94": "-67",
            "00:A0:50:C5:75:63": "-52",
            "00:A0:50:C5:76:91": "-60",
            "00:A0:50:C5:76:CB": "-59",
            "00:A0:50:C5:76:8D": "-52",
            "00:A0:50:C5:75:6A": "-57",
            "00:A0:50:C5:65:25": "-53",
            "00:A0:50:C5:75:5F": "-54"
        }
    },
    "dht": [
        " 45,17,1508775824"
    ],
    "gsm": {
        "scan1": [
            "AT+CREG? +CREG: 0,1  OK",
            "AT+CENG=3 OK",
            "AT+COPS=? +COPS: (2,\"IDEA Cellular Limited\",\"IDEA\",\"40422\"),(3,\"BPL USWEST (Maharastra)\",\"BPL MO\",\"40427\"),(1,\"Maharashtra\",\"CellOne\",\"40466\"),(3,\"405037\",\"405037\",\"405037\"),(1,\"AirTel\",\"AirTel\",\"40490\"),,(0-4),(0-2)  OK",
            "AT+CSQ +CSQ: 23,0  OK",
            "AT+CENG? +CENG: 3,0  +CENG: 0,\"404,22,278d,3663,46,30\" +CENG: 1,\"404,22,278d,206d,25,47\" +CENG: 2,\"404,22,278d,1507,04,45\" +CENG: 3,\"404,22,278d,2654,02,45\" +CENG: 4,\"404,22,278d,2fc9,09,32\" +CENG: 5,\"404,22,278d,3661,53,30\" +CENG: 6,\"404,22,278d,12cd,44,29\"  OK"
        ]
    },
    "gps": [
        {
            "GPRMC": "$GPRMC,105347.000,A,1830.5444,N,07346.5101,E,30.77,286.99,231017,,,D*5E"
        }
    ]
}