{
    "timeStamp": "1508775914",
    "devID": "000000009d38c2c2",
    "totalScanTime": 55,
    "wakeCounter": 1050,
    "ble": {
        "scan1": {
            "00:A0:50:C5:76:DE": "-59",
            "00:A0:50:C5:76:95": "-62",
            "00:A0:50:C5:75:53": "-62",
            "00:A0:50:C5:65:0E": "-53",
            "00:A0:50:C5:75:B5": "-53",
            "00:A0:50:C5:75:B4": "-58",
            "00:A0:50:C5:75:74": "-52",
            "00:A0:50:C5:76:86": "-56",
            "00:A0:50:C5:65:17": "-58",
            "00:A0:50:C5:65:4D": "-44",
            "00:A0:50:C5:65:4A": "-58",
            "00:A0:50:C5:65:11": "-59",
            "00:A0:50:C5:65:4C": "-58",
            "00:A0:50:C5:75:6C": "-52",
            "00:A0:50:C5:75:6B": "-70",
            "00:A0:50:C5:75:6A": "-63",
            "00:A0:50:C5:76:EA": "-59",
            "00:A0:50:C5:76:94": "-54",
            "00:A0:50:C5:65:1B": "-64",
            "00:A0:50:C5:65:1A": "-60",
            "00:A0:50:C5:75:63": "-65",
            "00:A0:50:C5:75:65": "-60",
            "00:A0:50:C5:75:64": "-58",
            "00:A0:50:C5:76:93": "-58",
            "00:A0:50:C5:76:91": "-52",
            "00:A0:50:C5:76:CB": "-71",
            "00:A0:50:C5:76:8D": "-60",
            "00:A0:50:C5:76:9A": "-61",
            "00:A0:50:C5:65:25": "-58",
            "00:A0:50:C5:75:5F": "-48"
        }
    },
    "dht": [
        " 44,16,1508775920"
    ],
    "gsm": {
        "scan1": [
            "AT+CREG? +CREG: 0,1  OK",
            "AT+CENG=3 OK",
            "AT+COPS=? +COPS: (2,\"IDEA Cellular Limited\",\"IDEA\",\"40422\"),(1,\"Maharashtra\",\"CellOne\",\"40466\"),(3,\"BPL USWEST (Maharastra)\",\"BPL MO\",\"40427\"),(3,\"405037\",\"405037\",\"405037\"),(1,\"AirTel\",\"AirTel\",\"40490\"),,(0-4),(0-2)  OK",
            "AT+CSQ +CSQ: 22,0  OK",
            "AT+CENG? +CENG: 3,0  +CENG: 0,\"404,22,278d,206d,25,44\" +CENG: 1,\"404,22,278d,2653,06,43\" +CENG: 2,\"404,22,278d,2654,02,32\" +CENG: 3,\"404,22,278d,1b78,03,29\" +CENG: 4,\"404,22,278d,2655,59,27\" +CENG: 5,\"404,22,278d,3112,08,22\" +CENG: 6,\"404,22,278d,1505,29,21\"  OK"
        ]
    },
    "gps": [
        {
            "GPRMC": "$GPRMC,105523.000,A,1830.9981,N,07346.1176,E,19.72,354.13,231017,,,D*54"
        }
    ]
}