{
    "timeStamp": "1508775998",
    "devID": "000000009d38c2c2",
    "totalScanTime": 53,
    "wakeCounter": 1051,
    "ble": {
        "scan1": {
            "00:A0:50:C5:76:DE": "-79",
            "00:A0:50:C5:75:53": "-68",
            "00:A0:50:C5:65:0E": "-63",
            "00:A0:50:C5:75:B5": "-64",
            "00:A0:50:C5:75:B4": "-64",
            "00:A0:50:C5:75:74": "-73",
            "00:A0:50:C5:76:86": "-71",
            "00:A0:50:C5:65:17": "-70",
            "00:A0:50:C5:65:4D": "-64",
            "00:A0:50:C5:65:4A": "-63",
            "00:A0:50:C5:65:11": "-71",
            "00:A0:50:C5:65:4C": "-70",
            "00:A0:50:C5:75:6C": "-65",
            "00:A0:50:C5:76:95": "-75",
            "00:A0:50:C5:76:9A": "-68",
            "00:A0:50:C5:76:EA": "-64",
            "00:A0:50:C5:76:94": "-70",
            "00:A0:50:C5:65:1B": "-60",
            "00:A0:50:C5:65:1A": "-69",
            "00:A0:50:C5:76:93": "-77",
            "00:A0:50:C5:75:65": "-64",
            "00:A0:50:C5:75:64": "-69",
            "00:A0:50:C5:75:63": "-67",
            "00:A0:50:C5:76:91": "-71",
            "00:A0:50:C5:76:CB": "-70",
            "00:A0:50:C5:76:8D": "-65",
            "00:A0:50:C5:75:6B": "-68",
            "00:A0:50:C5:75:6A": "-77",
            "00:A0:50:C5:65:25": "-68",
            "00:A0:50:C5:75:5F": "-63"
        }
    },
    "dht": [
        " 44,16,1508776004"
    ],
    "gsm": {
        "scan1": [
            "AT+CREG? +CREG: 0,1  OK",
            "AT+CENG=3 OK",
            "AT+COPS=? +COPS: (2,\"IDEA Cellular Limited\",\"IDEA\",\"40422\"),(3,\"BPL USWEST (Maharastra)\",\"BPL MO\",\"40427\"),(3,\"405037\",\"405037\",\"405037\"),(1,\"Maharashtra\",\"CellOne\",\"40466\"),,(0-4),(0-2)  OK",
            "AT+CSQ +CSQ: 29,0  OK",
            "AT+CENG? +CENG: 3,0  +CENG: 0,\"404,22,278d,2653,06,57\" +CENG: 1,\"404,22,278d,3113,37,50\" +CENG: 2,\"404,22,278d,3112,08,49\" +CENG: 3,\"404,22,278d,3111,21,36\" +CENG: 4,\"404,22,278d,2654,02,34\" +CENG: 5,\"404,22,278d,2655,59,33\" +CENG: 6,\"404,22,278d,1505,29,31\"  OK"
        ]
    },
    "gps": [
        {
            "GPRMC": "$GPRMC,105646.000,A,1831.1515,N,07346.2258,E,10.99,71.96,231017,,,A*60"
        }
    ]
}