{
    "timeStamp": "1508776081",
    "devID": "000000009d38c2c2",
    "totalScanTime": 54,
    "wakeCounter": 1052,
    "ble": {
        "scan1": {
            "00:A0:50:C5:76:DE": "-70",
            "00:A0:50:C5:75:53": "-64",
            "00:A0:50:C5:65:0E": "-59",
            "00:A0:50:C5:75:B5": "-64",
            "00:A0:50:C5:75:B4": "-62",
            "00:A0:50:C5:75:74": "-67",
            "00:A0:50:C5:76:86": "-75",
            "00:A0:50:C5:65:17": "-56",
            "00:A0:50:C5:65:4D": "-54",
            "00:A0:50:C5:65:4A": "-57",
            "00:A0:50:C5:65:11": "-62",
            "00:A0:50:C5:65:4C": "-62",
            "00:A0:50:C5:75:6C": "-73",
            "00:A0:50:C5:76:95": "-60",
            "00:A0:50:C5:76:9A": "-67",
            "00:A0:50:C5:76:EA": "-62",
            "00:A0:50:C5:76:94": "-63",
            "00:A0:50:C5:65:1B": "-62",
            "00:A0:50:C5:65:1A": "-60",
            "00:A0:50:C5:75:63": "-66",
            "00:A0:50:C5:75:65": "-61",
            "00:A0:50:C5:75:64": "-71",
            "00:A0:50:C5:76:93": "-57",
            "00:A0:50:C5:76:91": "-61",
            "00:A0:50:C5:76:CB": "-66",
            "00:A0:50:C5:76:8D": "-65",
            "00:A0:50:C5:75:6B": "-61",
            "00:A0:50:C5:75:6A": "-58",
            "00:A0:50:C5:65:25": "-63",
            "00:A0:50:C5:75:5F": "-67"
        }
    },
    "dht": [
        " 43,16,1508776087"
    ],
    "gsm": {
        "scan1": [
            "AT+CREG? +CREG: 0,1  OK",
            "AT+CENG=3 OK",
            "AT+COPS=? +COPS: (2,\"IDEA Cellular Limited\",\"IDEA\",\"40422\"),(3,\"405037\",\"405037\",\"405037\"),(3,\"BPL USWEST (Maharastra)\",\"BPL MO\",\"40427\"),(1,\"Maharashtra\",\"CellOne\",\"40466\"),(1,\"AirTel\",\"AirTel\",\"40490\"),,(0-4),(0-2)  OK",
            "AT+CSQ +CSQ: 31,0  OK",
            "AT+CENG? +CENG: 3,0  +CENG: 0,\"404,22,278d,3112,08,61\" +CENG: 1,\"404,22,278d,3113,37,41\" +CENG: 2,\"404,22,278d,2713,29,39\" +CENG: 3,\"404,22,278d,3111,21,38\" +CENG: 4,\"404,22,278d,04c6,32,30\" +CENG: 5,\"404,22,278d,2653,06,30\" +CENG: 6,\"404,22,278d,1505,29,29\"  OK"
        ]
    },
    "gps": [
        {
            "GPRMC": "$GPRMC,105810.000,A,1831.2258,N,07346.4025,E,7.68,68.13,231017,,,D*56"
        }
    ]
}