{
    "timeStamp": "1508776190",
    "devID": "000000009d38c2c2",
    "totalScanTime": 54,
    "wakeCounter": 1053,
    "ble": {
        "scan1": {
            "00:A0:50:C5:76:DE": "-61",
            "00:A0:50:C5:75:53": "-56",
            "00:A0:50:C5:65:0E": "-61",
            "00:A0:50:C5:75:B5": "-63",
            "00:A0:50:C5:75:B4": "-75",
            "00:A0:50:C5:75:74": "-69",
            "00:A0:50:C5:76:86": "-64",
            "45:19:D4:08:7B:73": "-91",
            "00:A0:50:C5:65:4D": "-56",
            "00:A0:50:C5:65:17": "-66",
            "00:A0:50:C5:65:4A": "-60",
            "00:A0:50:C5:65:11": "-57",
            "00:A0:50:C5:65:4C": "-58",
            "00:A0:50:C5:75:6C": "-67",
            "00:A0:50:C5:75:6B": "-67",
            "00:A0:50:C5:76:9A": "-66",
            "00:A0:50:C5:76:EA": "-61",
            "00:A0:50:C5:75:64": "-66",
            "00:A0:50:C5:65:1B": "-59",
            "00:A0:50:C5:65:1A": "-61",
            "00:A0:50:C5:75:65": "-62",
            "00:A0:50:C5:75:63": "-61",
            "00:A0:50:C5:76:95": "-63",
            "00:A0:50:C5:76:94": "-62",
            "00:A0:50:C5:76:93": "-65",
            "00:A0:50:C5:76:91": "-72",
            "00:A0:50:C5:76:CB": "-62",
            "00:A0:50:C5:76:8D": "-78",
            "00:A0:50:C5:65:25": "-72",
            "00:A0:50:C5:75:6A": "-57",
            "54:33:F1:89:95:AB": "-96",
            "00:A0:50:C5:75:5F": "-61"
        }
    },
    "dht": [
        " 42,17,1508776196"
    ],
    "gsm": {
        "scan1": [
            "AT+CREG? +CREG: 0,1  OK",
            "AT+CENG=3 OK",
            "AT+COPS=? +COPS: (2,\"IDEA Cellular Limited\",\"IDEA\",\"40422\"),(1,\"AirTel\",\"AirTel\",\"40490\"),(1,\"Maharashtra\",\"CellOne\",\"40466\"),(3,\"405804\",\"405804\",\"405804\"),(3,\"BPL USWEST (Maharastra)\",\"BPL MO\",\"40427\"),,(0-4),(0-2)  OK",
            "AT+CSQ +CSQ: 17,0  OK",
            "AT+CENG? +CENG: 3,0  +CENG: 0,\"404,22,278d,2712,19,34\" +CENG: 1,\"404,22,278d,0ac9,17,37\" +CENG: 2,\"404,22,278d,2186,47,30\" +CENG: 3,\"404,22,278d,1505,29,30\" +CENG: 4,\"404,22,278d,0acb,42,30\" +CENG: 5,\"404,22,278d,2713,29,25\" +CENG: 6,\",,0000,ffff,08,33\"  OK"
        ]
    },
    "gps": [
        {
            "GPRMC": "$GPRMC,105959.000,A,1831.1529,N,07346.7538,E,13.25,179.10,231017,,,D*5C"
        }
    ]
}