{
    "timeStamp": "1508776306",
    "devID": "000000009d38c2c2",
    "totalScanTime": 58,
    "wakeCounter": 1054,
    "ble": {
        "scan1": {
            "00:A0:50:C5:76:DE": "-77",
            "00:A0:50:C5:75:53": "-61",
            "00:A0:50:C5:65:0E": "-63",
            "00:A0:50:C5:75:B5": "-69",
            "00:A0:50:C5:75:B4": "-65",
            "00:A0:50:C5:75:74": "-66",
            "00:A0:50:C5:76:86": "-62",
            "00:A0:50:C5:65:17": "-76",
            "00:A0:50:C5:65:4D": "-59",
            "00:A0:50:C5:65:4A": "-68",
            "00:A0:50:C5:65:11": "-60",
            "00:A0:50:C5:65:4C": "-71",
            "00:A0:50:C5:75:6C": "-65",
            "00:A0:50:C5:75:6B": "-58",
            "00:A0:50:C5:76:9A": "-73",
            "00:A0:50:C5:76:EA": "-62",
            "00:A0:50:C5:75:64": "-61",
            "00:A0:50:C5:65:1B": "-64",
            "00:A0:50:C5:65:1A": "-68",
            "00:A0:50:C5:75:65": "-62",
            "00:A0:50:C5:75:63": "-62",
            "00:A0:50:C5:76:95": "-73",
            "00:A0:50:C5:76:94": "-61",
            "00:A0:50:C5:76:93": "-70",
            "00:A0:50:C5:76:91": "-73",
            "00:A0:50:C5:76:CB": "-71",
            "00:A0:50:C5:76:8D": "-66",
            "00:A0:50:C5:75:6A": "-68",
            "00:A0:50:C5:65:25": "-62",
            "00:A0:50:C5:75:5F": "-71"
        }
    },
    "dht": [
        " 42,18,1508776312"
    ],
    "gsm": {
        "scan1": [
            "AT+CREG? +CREG: 0,1  OK",
            "AT+CENG=3 OK",
            "AT+COPS=? +COPS: (2,\"IDEA Cellular Limited\",\"IDEA\",\"40422\"),(1,\"405929\",\"405929\",\"405929\"),(3,\"BPL USWEST (Maharastra)\",\"BPL MO\",\"40427\"),(1,\"Maharashtra\",\"CellOne\",\"40466\"),(3,\"405037\",\"405037\",\"405037\"),(3,\"405804\",\"405804\",\"405804\"),,(0-4),(0-2)  OK",
            "AT+CSQ +CSQ: 27,0  OK",
            "AT+CENG? +CENG: 3,0  +CENG: 0,\"404,22,278d,2fc7,41,54\" +CENG: 1,\"404,22,278d,2fc8,36,37\" +CENG: 2,\"404,22,278d,3662,46,36\" +CENG: 3,\"404,22,278d,2fc9,09,33\" +CENG: 4,\"404,22,278d,3661,53,29\" +CENG: 5,\"404,22,278d,0aca,37,27\" +CENG: 6,\"404,22,278d,2187,48,26\"  OK"
        ]
    },
    "gps": [
        {
            "GPRMC": "$GPRMC,110154.000,A,1830.6917,N,07346.9436,E,11.81,187.60,231017,,,A*54"
        }
    ]
}