{
    "timeStamp": "1508776417",
    "devID": "000000009d38c2c2",
    "totalScanTime": 57,
    "wakeCounter": 1055,
    "ble": {
        "scan1": {
            "00:A0:50:C5:76:DE": "-63",
            "00:A0:50:C5:75:53": "-74",
            "00:A0:50:C5:65:0E": "-69",
            "00:A0:50:C5:75:B5": "-67",
            "00:A0:50:C5:75:B4": "-66",
            "00:A0:50:C5:75:74": "-74",
            "00:A0:50:C5:76:86": "-62",
            "00:A0:50:C5:65:17": "-59",
            "00:A0:50:C5:65:4D": "-57",
            "00:A0:50:C5:65:4A": "-62",
            "00:A0:50:C5:65:11": "-57",
            "00:A0:50:C5:65:4C": "-67",
            "00:A0:50:C5:75:6C": "-67",
            "00:A0:50:C5:75:6B": "-59",
            "00:A0:50:C5:76:9A": "-65",
            "00:A0:50:C5:76:EA": "-59",
            "00:A0:50:C5:75:64": "-65",
            "00:A0:50:C5:65:1B": "-55",
            "00:A0:50:C5:65:1A": "-72",
            "00:A0:50:C5:75:65": "-71",
            "00:A0:50:C5:75:63": "-66",
            "00:A0:50:C5:76:95": "-62",
            "00:A0:50:C5:76:94": "-66",
            "00:A0:50:C5:76:93": "-70",
            "00:A0:50:C5:76:91": "-62",
            "00:A0:50:C5:76:CB": "-72",
            "00:A0:50:C5:76:8D": "-60",
            "00:A0:50:C5:75:6A": "-60",
            "00:A0:50:C5:65:25": "-63",
            "00:A0:50:C5:75:5F": "-60",
            "65:41:61:EE:9C:A1": "-90"
        }
    },
    "dht": [
        " 42,19,1508776423"
    ],
    "gsm": {
        "scan1": [
            "AT+CREG? +CREG: 0,1  OK",
            "AT+CENG=3 OK",
            "AT+COPS=? +COPS: (2,\"IDEA Cellular Limited\",\"IDEA\",\"40422\"),(1,\"Maharashtra\",\"CellOne\",\"40466\"),(3,\"405804\",\"405804\",\"405804\"),(1,\"AirTel\",\"AirTel\",\"40490\"),(3,\"405037\",\"405037\",\"405037\"),(3,\"BPL USWEST (Maharastra)\",\"BPL MO\",\"40427\"),,(0-4),(0-2)  OK",
            "AT+CSQ +CSQ: 20,0  OK",
            "AT+CENG? +CENG: 3,0  +CENG: 0,\"404,22,278d,3661,53,40\" +CENG: 1,\"404,22,278d,1507,04,40\" +CENG: 2,\"404,22,278d,206d,25,39\" +CENG: 3,\"404,22,278d,1506,46,33\" +CENG: 4,\"404,22,278d,3663,46,32\" +CENG: 5,\"404,22,278d,1505,29,31\" +CENG: 6,\"404,22,278d,3112,08,31\"  OK"
        ]
    },
    "gps": [
        {
            "GPRMC": "$GPRMC,110346.000,A,1830.6700,N,07346.5274,E,11.61,281.61,231017,,,A*5B"
        }
    ]
}