{
    "timeStamp": "1508778411",
    "devID": "000000009d38c2c2",
    "totalScanTime": 83,
    "wakeCounter": 1056,
    "ble": {
        "scan1": {
            "00:A0:50:C5:76:DE": "-65",
            "00:A0:50:C5:76:86": "-57",
            "00:A0:50:C5:75:53": "-64",
            "00:A0:50:C5:65:0E": "-64",
            "00:A0:50:C5:75:B5": "-56",
            "00:A0:50:C5:75:B4": "-62",
            "00:A0:50:B2:96:EC": "-90",
            "00:A0:50:B2:94:F1": "-92",
            "00:A0:50:C5:75:74": "-54",
            "00:A0:50:B3:77:13": "-97",
            "00:A0:50:B2:96:AC": "-90",
            "00:A0:50:C5:65:4D": "-47",
            "00:A0:50:C5:76:94": "-68",
            "00:A0:50:C5:65:17": "-52",
            "00:A0:50:C5:65:11": "-53",
            "00:A0:50:C5:65:4C": "-60",
            "00:A0:50:C5:75:6C": "-50",
            "00:A0:50:C5:75:6B": "-52",
            "00:A0:50:C5:76:9A": "-59",
            "00:A0:50:C5:76:EA": "-67",
            "00:A0:50:B2:96:27": "-93",
            "00:A0:50:C5:65:1B": "-57",
            "00:A0:50:C5:65:1A": "-69",
            "00:A0:50:C5:75:65": "-57",
            "00:A0:50:C5:76:93": "-81",
            "00:A0:50:C5:76:95": "-55",
            "00:A0:50:C5:75:64": "-52",
            "00:A0:50:C5:75:63": "-70",
            "00:A0:50:C5:76:91": "-54",
            "00:A0:50:C5:76:CB": "-54",
            "00:A0:50:B2:96:DD": "-88",
            "00:A0:50:B2:93:22": "-96",
            "00:A0:50:B3:77:09": "-87",
            "00:A0:50:B2:96:E3": "-91",
            "00:A0:50:C5:76:8D": "-55",
            "00:A0:50:B2:96:A8": "-97",
            "00:A0:50:B2:96:A4": "-92",
            "00:A0:50:B2:96:A0": "-92",
            "00:A0:50:C5:75:6A": "-59",
            "00:A0:50:C5:65:25": "-71",
            "00:A0:50:B3:77:E1": "-96",
            "00:A0:50:B2:96:61": "-98",
            "00:A0:50:C5:75:5F": "-54",
            "00:A0:50:B2:93:24": "-95"
        }
    },
    "dht": [
        " 26,51,1508778417"
    ],
    "gsm": {
        "scan1": [
            "AT OK",
            "AT+CSMINS? +CSMINS: 0,1  OK",
            "AT+CREG? +CREG: 0,1  OK",
            "AT+CENG=3 OK",
            "AT+COPS=? +COPS: (2,\"IDEA Cellular Limited\",\"IDEA\",\"40422\"),(3,\"BPL USWEST (Maharastra)\",\"BPL MO\",\"40427\"),(1,\"Maharashtra\",\"CellOne\",\"40466\"),(3,\"405804\",\"405804\",\"405804\"),,(0-4),(0-2)  OK",
            "AT+CSQ +CSQ: 13,0  OK",
            "AT+CENG? +CENG: 3,0  +CENG: 0,\"404,22,278d,206d,25,25\" +CENG: 1,\"404,22,278d,1505,29,19\" +CENG: 2,\"404,22,278d,3661,53,17\" +CENG: 3,\"404,22,278d,1507,04,14\" +CENG: 4,\",,0000,ffff,00,15\" +CENG: 5,\",,0000,ffff,00,15\" +CENG: 6,\",,0000,ffff,00,15\"  OK"
        ]
    },
    "gps": [
        {
            "GPRMC": "$GPRMC,235953.800,V,,,,,0.00,0.00,050180,,,N*42",
            "GPGGA": "$GPGGA,235953.800,,,,,0,0,,,M,,M,,*4B"
        },
        {
            "GPRMC": "$GPRMC,235954.800,V,,,,,0.00,0.00,050180,,,N*45",
            "GPGGA": "$GPGGA,235954.800,,,,,0,0,,,M,,M,,*4C"
        },
        {
            "GPRMC": "$GPRMC,235955.800,V,,,,,0.00,0.00,050180,,,N*44",
            "GPGGA": "$GPGGA,235955.800,,,,,0,0,,,M,,M,,*4D"
        },
        {
            "GPRMC": "$GPRMC,235956.800,V,,,,,0.00,0.00,050180,,,N*47",
            "GPGGA": "$GPGGA,235956.800,,,,,0,0,,,M,,M,,*4E"
        },
        {
            "GPRMC": "$GPRMC,235957.800,V,,,,,0.00,0.00,050180,,,N*46",
            "GPGGA": "$GPGGA,235957.800,,,,,0,0,,,M,,M,,*4F"
        },
        {
            "GPRMC": "$GPRMC,235958.800,V,,,,,0.00,0.00,050180,,,N*49",
            "GPGGA": "$GPGGA,235958.800,,,,,0,0,,,M,,M,,*40"
        },
        {
            "GPRMC": "$GPRMC,235959.800,V,,,,,0.00,0.00,050180,,,N*48",
            "GPGGA": "$GPGGA,235959.800,,,,,0,0,,,M,,M,,*41"
        },
        {
            "GPRMC": "$GPRMC,000000.800,V,,,,,0.00,0.00,060180,,,N*4A",
            "GPGGA": "$GPGGA,000000.800,,,,,0,0,,,M,,M,,*40"
        },
        {
            "GPRMC": "$GPRMC,000001.800,V,,,,,0.00,0.00,060180,,,N*4B",
            "GPGGA": "$GPGGA,000001.800,,,,,0,0,,,M,,M,,*41"
        },
        {
            "GPRMC": "$GPRMC,000002.800,V,,,,,0.00,0.00,060180,,,N*48",
            "GPGGA": "$GPGGA,000002.800,,,,,0,0,,,M,,M,,*42"
        },
        {
            "GPRMC": "$GPRMC,000003.800,V,,,,,0.00,0.00,060180,,,N*49",
            "GPGGA": "$GPGGA,000003.800,,,,,0,0,,,M,,M,,*43"
        },
        {
            "GPRMC": "$GPRMC,000004.800,V,,,,,0.00,0.00,060180,,,N*4E",
            "GPGGA": "$GPGGA,000004.800,,,,,0,0,,,M,,M,,*44"
        },
        {
            "GPRMC": "$GPRMC,000005.800,V,,,,,0.00,0.00,060180,,,N*4F",
            "GPGGA": "$GPGGA,000005.800,,,,,0,0,,,M,,M,,*45"
        },
        {
            "GPRMC": "$GPRMC,000006.800,V,,,,,0.00,0.00,060180,,,N*4C",
            "GPGGA": "$GPGGA,000006.800,,,,,0,0,,,M,,M,,*46"
        },
        {
            "GPRMC": "$GPRMC,000007.800,V,,,,,0.00,0.00,060180,,,N*4D",
            "GPGGA": "$GPGGA,000007.800,,,,,0,0,,,M,,M,,*47"
        },
        {
            "GPRMC": "$GPRMC,000008.800,V,,,,,0.00,0.00,060180,,,N*42",
            "GPGGA": "$GPGGA,000008.800,,,,,0,0,,,M,,M,,*48"
        },
        {
            "GPRMC": "$GPRMC,000009.800,V,,,,,0.00,0.00,060180,,,N*43",
            "GPGGA": "$GPGGA,000009.800,,,,,0,0,,,M,,M,,*49"
        },
        {
            "GPRMC": "$GPRMC,000010.800,V,,,,,0.00,0.00,060180,,,N*4B",
            "GPGGA": "$GPGGA,000010.800,,,,,0,0,,,M,,M,,*41"
        },
        {
            "GPRMC": "$GPRMC,000011.800,V,,,,,0.00,0.00,060180,,,N*4A",
            "GPGGA": "$GPGGA,000011.800,,,,,0,0,,,M,,M,,*40"
        },
        {
            "GPRMC": "$GPRMC,000012.800,V,,,,,0.00,0.00,060180,,,N*49",
            "GPGGA": "$GPGGA,000012.800,,,,,0,0,,,M,,M,,*43"
        },
        {
            "GPRMC": "$GPRMC,000013.800,V,,,,,0.00,0.00,060180,,,N*48",
            "GPGGA": "$GPGGA,000013.800,,,,,0,0,,,M,,M,,*42"
        },
        {
            "GPRMC": "$GPRMC,000014.799,V,,,,,0.00,0.00,060180,,,N*40",
            "GPGGA": "$GPGGA,000014.799,,,,,0,0,,,M,,M,,*4A"
        },
        {
            "GPRMC": "$GPRMC,000015.799,V,,,,,0.00,0.00,060180,,,N*41",
            "GPGGA": "$GPGGA,000015.799,,,,,0,0,,,M,,M,,*4B"
        },
        {
            "GPRMC": "$GPRMC,000016.799,V,,,,,0.00,0.00,060180,,,N*42",
            "GPGGA": "$GPGGA,000016.799,,,,,0,0,,,M,,M,,*48"
        },
        {
            "GPRMC": "$GPRMC,000017.799,V,,,,,0.00,0.00,060180,,,N*43",
            "GPGGA": "$GPGGA,000017.799,,,,,0,0,,,M,,M,,*49"
        },
        {
            "GPRMC": "$GPRMC,000018.799,V,,,,,0.00,0.00,060180,,,N*4C",
            "GPGGA": "$GPGGA,000018.799,,,,,0,0,,,M,,M,,*46"
        },
        {
            "GPRMC": "$GPRMC,000019.799,V,,,,,0.00,0.00,060180,,,N*4D",
            "GPGGA": "$GPGGA,000019.799,,,,,0,0,,,M,,M,,*47"
        },
        {
            "GPRMC": "$GPRMC,000020.799,V,,,,,0.00,0.00,060180,,,N*47",
            "GPGGA": "$GPGGA,000020.799,,,,,0,0,,,M,,M,,*4D"
        },
        {
            "GPRMC": "$GPRMC,000021.799,V,,,,,0.00,0.00,060180,,,N*46",
            "GPGGA": "$GPGGA,000021.799,,,,,0,0,,,M,,M,,*4C"
        },
        {
            "GPRMC": "$GPRMC,000022.799,V,,,,,0.00,0.00,060180,,,N*45",
            "GPGGA": "$GPGGA,000022.799,,,,,0,0,,,M,,M,,*4F"
        },
        {
            "GPRMC": "$GPRMC,000023.799,V,,,,,0.00,0.00,060180,,,N*44",
            "GPGGA": "$GPGGA,000023.799,,,,,0,0,,,M,,M,,*4E"
        }
    ]
}