{
    "bat": "63.00",
    "timeStamp": "1509381450",
    "devID": "00000000ddaba86b",
    "totalScanTime": 95,
    "wakeCounter": 1100,
    "ble": {
        "scan1": {
            "00:A0:50:C5:76:DE": "-71",
            "00:A0:50:C5:76:95": "-73",
            "00:A0:50:C5:75:53": "-84",
            "00:A0:50:C5:65:0E": "-77",
            "00:A0:50:C5:75:B5": "-62",
            "00:A0:50:C5:75:B4": "-77",
            "00:A0:50:B2:96:EA": "-98",
            "00:A0:50:B2:96:EC": "-92",
            "00:A0:50:B2:94:F1": "-97",
            "00:A0:50:C5:75:74": "-70",
            "00:A0:50:C5:76:86": "-74",
            "00:A0:50:B2:96:AC": "-95",
            "00:A0:50:C5:65:1B": "-70",
            "00:A0:50:C5:65:4D": "-71",
            "00:A0:50:C5:65:17": "-80",
            "00:A0:50:C5:65:4A": "-78",
            "00:A0:50:B2:96:B2": "-95",
            "00:A0:50:C5:65:4C": "-83",
            "00:A0:50:C5:75:6C": "-77",
            "00:A0:50:C5:75:6B": "-72",
            "00:A0:50:C5:75:6A": "-72",
            "00:A0:50:C5:76:EA": "-86",
            "00:A0:50:C5:75:64": "-73",
            "00:A0:50:C5:65:11": "-72",
            "00:A0:50:C5:65:1A": "-82",
            "00:A0:50:C5:76:93": "-75",
            "00:A0:50:C5:75:65": "-91",
            "00:A0:50:C5:76:94": "-75",
            "00:A0:50:C5:75:63": "-71",
            "00:A0:50:C5:76:91": "-80",
            "00:A0:50:C5:76:CB": "-84",
            "00:A0:50:B2:96:DF": "-93",
            "00:A0:50:B2:96:DD": "-92",
            "00:A0:50:B2:93:22": "-92",
            "00:A0:50:B2:93:5F": "-95",
            "00:A0:50:B3:77:09": "-95",
            "00:A0:50:B2:96:E3": "-93",
            "00:A0:50:B2:96:E2": "-99",
            "00:A0:50:C5:76:8D": "-85",
            "00:A0:50:B2:96:A8": "-88",
            "00:A0:50:B2:96:A4": "-94",
            "00:A0:50:C5:76:9A": "-68",
            "00:A0:50:C5:65:25": "-81",
            "00:A0:50:B3:77:E1": "-93",
            "00:A0:50:B2:96:61": "-97",
            "00:A0:50:C5:75:5F": "-73",
            "00:A0:50:B2:93:24": "-91"
        },
        "scan2": {
            "00:A0:50:C5:76:DE": "-67",
            "00:A0:50:C5:75:53": "-83",
            "00:A0:50:C5:65:0E": "-69",
            "00:A0:50:C5:75:B5": "-62",
            "00:A0:50:C5:75:B4": "-72",
            "00:A0:50:B2:96:EA": "-93",
            "00:A0:50:B2:96:EC": "-95",
            "00:A0:50:B2:94:F1": "-97",
            "00:A0:50:C5:75:74": "-90",
            "00:A0:50:C5:76:86": "-74",
            "00:A0:50:B2:96:AC": "-89",
            "00:A0:50:C5:65:1B": "-75",
            "00:A0:50:C5:65:4D": "-84",
            "00:A0:50:C5:65:17": "-87",
            "00:A0:50:C5:65:4A": "-78",
            "00:A0:50:C5:65:11": "-78",
            "00:A0:50:C5:65:4C": "-71",
            "00:A0:50:C5:75:6C": "-76",
            "00:A0:50:C5:76:95": "-74",
            "00:A0:50:C5:75:6A": "-70",
            "00:A0:50:C5:76:EA": "-83",
            "00:A0:50:C5:76:94": "-71",
            "00:A0:50:B2:96:B2": "-98",
            "00:A0:50:C5:65:1A": "-83",
            "00:A0:50:C5:75:63": "-72",
            "00:A0:50:C5:75:65": "-74",
            "00:A0:50:C5:75:64": "-76",
            "00:A0:50:C5:76:93": "-74",
            "00:A0:50:C5:76:91": "-80",
            "00:A0:50:C5:76:CB": "-84",
            "00:A0:50:B2:96:DF": "-94",
            "00:A0:50:B2:96:DD": "-92",
            "00:A0:50:B2:96:61": "-97",
            "00:A0:50:B2:93:5F": "-93",
            "00:A0:50:B3:77:09": "-93",
            "00:A0:50:B2:96:E3": "-98",
            "00:A0:50:B2:96:E2": "-96",
            "00:A0:50:C5:76:8D": "-85",
            "00:A0:50:B2:96:A8": "-86",
            "00:A0:50:B2:96:A4": "-94",
            "00:A0:50:C5:75:6B": "-77",
            "00:A0:50:C5:76:9A": "-73",
            "00:A0:50:C5:65:25": "-74",
            "00:A0:50:B3:77:E1": "-95",
            "00:A0:50:B2:93:22": "-99",
            "00:A0:50:C5:75:5F": "-76",
            "00:A0:50:B2:93:24": "-93"
        },
        "scan3": {
            "00:A0:50:C5:76:DE": "-75",
            "00:A0:50:C5:76:95": "-77",
            "00:A0:50:C5:75:53": "-85",
            "00:A0:50:C5:65:0E": "-67",
            "00:A0:50:C5:75:B5": "-67",
            "00:A0:50:C5:75:B4": "-73",
            "00:A0:50:B2:96:EA": "-95",
            "00:A0:50:B2:96:EC": "-99",
            "00:A0:50:B2:94:F1": "-92",
            "00:A0:50:C5:75:74": "-89",
            "00:A0:50:C5:76:86": "-73",
            "00:A0:50:B2:96:AC": "-93",
            "00:A0:50:C5:65:1B": "-75",
            "00:A0:50:C5:65:4D": "-88",
            "00:A0:50:C5:65:17": "-74",
            "00:A0:50:C5:65:4A": "-74",
            "00:A0:50:B2:96:B2": "-98",
            "00:A0:50:C5:65:4C": "-72",
            "00:A0:50:C5:75:6C": "-81",
            "00:A0:50:C5:75:6B": "-78",
            "00:A0:50:C5:75:6A": "-69",
            "00:A0:50:C5:76:EA": "-80",
            "00:A0:50:C5:75:64": "-76",
            "00:A0:50:C5:65:11": "-72",
            "00:A0:50:C5:65:1A": "-81",
            "00:A0:50:C5:76:93": "-75",
            "00:A0:50:C5:75:65": "-85",
            "00:A0:50:C5:76:94": "-77",
            "00:A0:50:C5:75:63": "-68",
            "00:A0:50:C5:76:91": "-77",
            "00:A0:50:C5:76:CB": "-85",
            "00:A0:50:B2:96:DF": "-93",
            "00:A0:50:B2:96:DD": "-90",
            "00:A0:50:B2:96:61": "-96",
            "00:A0:50:B2:93:5F": "-96",
            "00:A0:50:B3:77:09": "-95",
            "00:A0:50:B2:96:E3": "-93",
            "00:A0:50:B2:96:E2": "-96",
            "00:A0:50:C5:76:8D": "-95",
            "00:A0:50:B2:96:A8": "-90",
            "00:A0:50:B2:96:A4": "-94",
            "00:A0:50:C5:76:9A": "-72",
            "00:A0:50:C5:65:25": "-90",
            "00:A0:50:B3:77:E1": "-94",
            "00:A0:50:B2:93:22": "-95",
            "00:A0:50:C5:75:5F": "-78",
            "00:A0:50:B2:93:24": "-91"
        }
    },
    "dht": [
        " 27,44,1509381427",
        "26,44,1509381430",
        "26,44,1509381433",
        "26,44,1509381435",
        "26,44,1509381438"
    ],
    "gsm": {
        "scan1": [
            "AT OK",
            "AT+CSMINS? +CSMINS: 0,1  OK",
            "AT+CREG? +CREG: 0,1  OK",
            "AT+CENG=3 OK",
            "AT+COPS=? +COPS: (2,\"IDEA Cellular Limited\",\"IDEA\",\"40422\"),(3,\"BPL USWEST (Maharastra)\",\"BPL MO\",\"40427\"),(3,\"AirTel\",\"AirTel\",\"40490\"),(3,\"Maharashtra\",\"CellOne\",\"40466\"),(3,\"405804\",\"405804\",\"405804\"),(3,\"405037\",\"405037\",\"405037\"),,(0-4),(0-2)  OK",
            "AT+CSQ +CSQ: 17,0  OK",
            "AT+CENG? +CENG: 3,0  +CENG: 0,\"404,22,278d,206d,25,34\" +CENG: 1,\"404,22,278d,3663,46,21\" +CENG: 2,\"404,22,278d,1506,46,16\" +CENG: 3,\"404,22,278d,2654,02,13\" +CENG: 4,\"404,22,278d,1507,04,13\" +CENG: 5,\",,0000,ffff,00,15\" +CENG: 6,\",,0000,ffff,29,13\"  OK"
        ]
    },
    "gps": []
}