{
    "bat": "74.00",
    "timeStamp": "",
    "devID": "00000000ddaba86b",
    "totalScanTime": 95,
    "wakeCounter": 1101,
    "ble": {
        "scan1": {
            "00:A0:50:C5:76:DE": "-33",
            "00:A0:50:C5:75:53": "-73",
            "00:A0:50:C5:65:0E": "-69",
            "00:A0:50:C5:75:B5": "-59",
            "00:A0:50:C5:75:B4": "-56",
            "00:A0:50:C5:75:74": "-64",
            "00:A0:50:C5:76:86": "-68",
            "41:2A:27:0B:1F:19": "-83",
            "00:A0:50:C5:65:4D": "-65",
            "00:A0:50:C5:65:17": "-38",
            "00:A0:50:C5:65:4A": "-78",
            "00:A0:50:C5:65:11": "-56",
            "00:A0:50:C5:65:4C": "-64",
            "00:A0:50:C5:75:6C": "-72",
            "00:A0:50:C5:75:65": "-40",
            "00:A0:50:C5:75:6A": "-72",
            "00:A0:50:C5:76:EA": "-55",
            "00:A0:50:C5:76:94": "-55",
            "00:A0:50:C5:65:1B": "-62",
            "00:A0:50:C5:75:63": "-63",
            "00:A0:50:C5:76:95": "-68",
            "00:A0:50:C5:75:64": "-58",
            "00:A0:50:C5:76:93": "-72",
            "00:A0:50:C5:76:91": "-69",
            "55:20:26:14:EF:F2": "-91",
            "38:D2:65:04:C5:55": "-84",
            "61:97:E7:ED:2A:88": "-88",
            "00:A0:50:C5:75:6B": "-62",
            "00:A0:50:C5:76:9A": "-74",
            "00:A0:50:C5:75:5F": "-63"
        },
        "scan2": {
            "00:A0:50:C5:76:DE": "-33",
            "00:A0:50:C5:76:95": "-68",
            "00:A0:50:C5:75:53": "-74",
            "00:A0:50:C5:65:0E": "-70",
            "00:A0:50:C5:75:B5": "-57",
            "00:A0:50:C5:75:B4": "-55",
            "00:A0:50:C5:75:74": "-66",
            "00:A0:50:C5:76:86": "-62",
            "41:2A:27:0B:1F:19": "-85",
            "00:A0:50:C5:65:17": "-38",
            "00:A0:50:C5:65:4D": "-70",
            "00:A0:50:C5:65:4A": "-78",
            "00:A0:50:C5:65:11": "-57",
            "00:A0:50:C5:65:4C": "-61",
            "00:A0:50:C5:75:6C": "-70",
            "00:A0:50:C5:75:6B": "-65",
            "00:A0:50:C5:75:6A": "-73",
            "00:A0:50:C5:76:EA": "-56",
            "00:A0:50:C5:76:94": "-57",
            "00:A0:50:C5:65:1B": "-62",
            "00:A0:50:C5:65:1A": "-55",
            "00:A0:50:C5:76:93": "-73",
            "00:A0:50:C5:75:65": "-43",
            "00:A0:50:C5:75:64": "-57",
            "00:A0:50:C5:75:63": "-63",
            "00:A0:50:C5:76:91": "-65",
            "00:A0:50:C5:76:CB": "-60",
            "38:D2:65:04:C5:55": "-79",
            "61:97:E7:ED:2A:88": "-87",
            "00:A0:50:C5:76:8D": "-62",
            "00:A0:50:C5:76:9A": "-71",
            "00:A0:50:C5:65:25": "-64",
            "00:A0:50:C5:75:5F": "-64"
        },
        "scan3": {
            "00:A0:50:C5:76:DE": "-32",
            "00:A0:50:C5:75:53": "-77",
            "00:A0:50:C5:65:0E": "-73",
            "00:A0:50:C5:75:B5": "-57",
            "00:A0:50:C5:75:B4": "-58",
            "00:A0:50:C5:75:74": "-66",
            "00:A0:50:C5:76:86": "-63",
            "41:2A:27:0B:1F:19": "-83",
            "00:A0:50:C5:65:17": "-39",
            "00:A0:50:C5:65:4D": "-70",
            "00:A0:50:C5:65:4A": "-74",
            "00:A0:50:C5:65:11": "-56",
            "00:A0:50:C5:65:4C": "-62",
            "00:A0:50:C5:75:6C": "-70",
            "00:A0:50:C5:75:65": "-41",
            "00:A0:50:C5:75:6A": "-70",
            "00:A0:50:C5:76:EA": "-55",
            "00:A0:50:C5:75:64": "-60",
            "00:A0:50:C5:65:1B": "-63",
            "00:A0:50:C5:65:1A": "-54",
            "00:A0:50:C5:75:63": "-63",
            "00:A0:50:C5:76:95": "-67",
            "00:A0:50:C5:76:94": "-63",
            "00:A0:50:C5:76:93": "-74",
            "00:A0:50:C5:76:91": "-65",
            "00:A0:50:C5:76:CB": "-60",
            "38:D2:65:04:C5:55": "-82",
            "61:97:E7:ED:2A:88": "-88",
            "00:A0:50:C5:76:8D": "-62",
            "00:A0:50:C5:75:6B": "-64",
            "00:A0:50:C5:76:9A": "-76",
            "00:A0:50:C5:65:25": "-67",
            "00:A0:50:C5:75:5F": "-64"
        }
    },
    "dht": [
        " 25,54,1509454193",
        "25,54,1509454196",
        "25,53,1509454199",
        "25,53,1509454201",
        "25,53,1509454204",
        "25,53,1509454206"
    ],
    "gsm": {
        "scan1": [
            "AT OK",
            "AT+CSMINS? +CSMINS: 0,1  OK",
            "AT+CREG? +CREG: 0,1  OK",
            "AT+CENG=3 OK",
            "AT+COPS=? +COPS: (2,\"IDEA Cellular Limited\",\"IDEA\",\"40422\"),(3,\"AirTel\",\"AirTel\",\"40490\"),(3,\"BPL USWEST (Maharastra)\",\"BPL MO\",\"40427\"),(3,\"405037\",\"405037\",\"405037\"),(1,\"405929\",\"405929\",\"405929\"),,(0-4),(0-2)  OK",
            "AT+CSQ +CSQ: 30,0  OK",
            "AT+CENG? +CENG: 3,0  +CENG: 0,\"404,22,278d,1507,04,59\" +CENG: 1,\"404,22,278d,1505,29,43\" +CENG: 2,\"404,22,278d,3112,08,42\" +CENG: 3,\"404,22,278d,3661,53,39\" +CENG: 4,\"404,22,278d,0acb,42,39\" +CENG: 5,\"404,22,278d,3113,37,39\" +CENG: 6,\"404,22,278d,2654,02,39\"  OK"
        ]
    },
    "gps": []
}