{
    "bat": "",
    "timeStamp": "",
    "devID": "00000000ddaba86b",
    "totalScanTime": 95,
    "wakeCounter": 1102,
    "ble": {
        "scan1": {
            "00:A0:50:C5:76:DE": "-32",
            "00:A0:50:C5:76:95": "-69",
            "00:A0:50:C5:75:53": "-74",
            "00:A0:50:C5:65:0E": "-72",
            "00:A0:50:C5:75:B5": "-58",
            "00:A0:50:C5:75:B4": "-56",
            "00:A0:50:C5:75:74": "-72",
            "00:A0:50:C5:76:86": "-69",
            "41:2A:27:0B:1F:19": "-88",
            "00:A0:50:C5:65:4D": "-66",
            "00:A0:50:C5:65:17": "-38",
            "00:A0:50:C5:65:4A": "-83",
            "00:A0:50:C5:65:11": "-56",
            "00:A0:50:C5:65:4C": "-62",
            "00:A0:50:C5:75:6C": "-72",
            "00:A0:50:C5:75:6B": "-62",
            "02:83:2C:B6:89:40": "-84",
            "00:A0:50:C5:76:EA": "-56",
            "00:A0:50:C5:75:64": "-57",
            "00:A0:50:C5:65:1B": "-62",
            "00:A0:50:C5:65:1A": "-54",
            "00:A0:50:C5:75:63": "-63",
            "00:A0:50:C5:75:65": "-40",
            "00:A0:50:C5:76:94": "-55",
            "00:A0:50:C5:76:93": "-70",
            "00:A0:50:C5:76:91": "-63",
            "55:20:26:14:EF:F2": "-94",
            "00:A0:50:C5:75:6A": "-70",
            "61:97:E7:ED:2A:88": "-87",
            "00:A0:50:C5:76:CB": "-59",
            "00:A0:50:C5:76:9A": "-70",
            "00:A0:50:C5:75:5F": "-62"
        },
        "scan2": {
            "00:A0:50:C5:76:DE": "-32",
            "00:A0:50:C5:76:95": "-69",
            "00:A0:50:C5:75:53": "-75",
            "00:A0:50:C5:65:0E": "-72",
            "00:A0:50:C5:75:B5": "-56",
            "00:A0:50:C5:75:B4": "-59",
            "00:A0:50:C5:75:74": "-64",
            "00:A0:50:C5:76:86": "-68",
            "41:2A:27:0B:1F:19": "-90",
            "00:A0:50:C5:65:17": "-39",
            "00:A0:50:C5:65:4D": "-66",
            "00:A0:50:C5:65:4A": "-75",
            "00:A0:50:C5:65:11": "-55",
            "00:A0:50:C5:65:4C": "-63",
            "00:A0:50:C5:75:6C": "-69",
            "00:A0:50:C5:75:6B": "-63",
            "02:83:2C:B6:89:40": "-84",
            "00:A0:50:C5:76:EA": "-56",
            "00:A0:50:C5:76:94": "-56",
            "00:A0:50:C5:65:1B": "-62",
            "00:A0:50:C5:65:1A": "-54",
            "00:A0:50:C5:75:63": "-64",
            "00:A0:50:C5:75:65": "-41",
            "00:A0:50:C5:75:64": "-59",
            "00:A0:50:C5:76:93": "-72",
            "00:A0:50:C5:76:91": "-62",
            "55:20:26:14:EF:F2": "-90",
            "00:A0:50:C5:75:6A": "-72",
            "61:97:E7:ED:2A:88": "-88",
            "00:A0:50:C5:76:8D": "-64",
            "00:A0:50:C5:76:CB": "-58",
            "00:A0:50:C5:76:9A": "-70",
            "00:A0:50:C5:65:25": "-73",
            "00:A0:50:C5:75:5F": "-63"
        },
        "scan3": {
            "00:A0:50:C5:76:DE": "-33",
            "00:A0:50:C5:76:95": "-69",
            "00:A0:50:C5:75:53": "-73",
            "00:A0:50:C5:65:0E": "-73",
            "00:A0:50:C5:75:B5": "-57",
            "00:A0:50:C5:75:B4": "-56",
            "00:A0:50:C5:75:74": "-65",
            "00:A0:50:C5:76:86": "-69",
            "41:2A:27:0B:1F:19": "-92",
            "00:A0:50:C5:65:4D": "-66",
            "00:A0:50:C5:65:17": "-38",
            "00:A0:50:C5:65:4A": "-81",
            "00:A0:50:C5:65:11": "-56",
            "00:A0:50:C5:65:4C": "-62",
            "00:A0:50:C5:75:6C": "-72",
            "00:A0:50:C5:75:6B": "-62",
            "02:83:2C:B6:89:40": "-81",
            "00:A0:50:C5:76:EA": "-56",
            "00:A0:50:C5:75:64": "-57",
            "00:A0:50:C5:65:1B": "-62",
            "00:A0:50:C5:65:1A": "-54",
            "00:A0:50:C5:75:63": "-64",
            "00:A0:50:C5:75:65": "-43",
            "00:A0:50:C5:76:94": "-55",
            "00:A0:50:C5:76:93": "-73",
            "00:A0:50:C5:76:91": "-63",
            "55:20:26:14:EF:F2": "-88",
            "00:A0:50:C5:75:6A": "-69",
            "61:97:E7:ED:2A:88": "-88",
            "00:A0:50:C5:76:8D": "-65",
            "00:A0:50:C5:76:CB": "-60",
            "00:A0:50:C5:76:9A": "-70",
            "00:A0:50:C5:65:25": "-73",
            "00:A0:50:C5:75:5F": "-63"
        }
    },
    "dht": [
        " 26,51,1509454335",
        "26,50,1509454338",
        "27,50,1509454341",
        "27,50,1509454343",
        "27,49,1509454346"
    ],
    "gsm": {
        "scan1": [
            "AT OK",
            "AT+CSMINS? +CSMINS: 0,1  OK",
            "AT+CREG? +CREG: 0,1  OK",
            "AT+CENG=3 OK",
            "AT+COPS=? +COPS: (2,\"IDEA Cellular Limited\",\"IDEA\",\"40422\"),(3,\"AirTel\",\"AirTel\",\"40490\"),(3,\"BPL USWEST (Maharastra)\",\"BPL MO\",\"40427\"),(3,\"405037\",\"405037\",\"405037\"),(1,\"405929\",\"405929\",\"405929\"),(3,\"Maharashtra\",\"CellOne\",\"40466\"),,(0-4),(0-2)  OK",
            "AT+CSQ +CSQ: 29,0  OK",
            "AT+CENG? +CENG: 3,0  +CENG: 0,\"404,22,278d,1507,04,58\" +CENG: 1,\"404,22,278d,3112,08,47\" +CENG: 2,\"404,22,278d,1505,29,45\" +CENG: 3,\"404,22,278d,3661,53,43\" +CENG: 4,\"404,22,278d,2654,02,40\" +CENG: 5,\"404,22,278d,0acb,42,40\" +CENG: 6,\"404,22,278d,1506,46,36\"  OK"
        ]
    },
    "gps": []
}