{
    "bat": "74.00",
    "timeStamp": "1509454809",
    "devID": "00000000ddaba86b",
    "totalScanTime": 95,
    "wakeCounter": 1103,
    "ble": {
        "scan1": {
            "00:A0:50:C5:76:DE": "-34",
            "00:A0:50:C5:76:95": "-67",
            "00:A0:50:C5:75:53": "-74",
            "00:A0:50:C5:65:0E": "-87",
            "00:A0:50:C5:75:B5": "-52",
            "00:A0:50:C5:75:B4": "-55",
            "00:A0:50:C5:75:74": "-80",
            "00:A0:50:C5:76:86": "-65",
            "41:2A:27:0B:1F:19": "-89",
            "00:A0:50:C5:65:4D": "-71",
            "38:A0:5F:34:E6:BB": "-83",
            "00:A0:50:C5:65:17": "-39",
            "00:A0:50:C5:65:4A": "-67",
            "00:A0:50:C5:65:11": "-56",
            "00:A0:50:C5:65:4C": "-63",
            "00:A0:50:C5:75:6C": "-69",
            "00:A0:50:C5:75:6B": "-64",
            "00:A0:50:C5:75:6A": "-69",
            "00:A0:50:C5:76:EA": "-57",
            "00:A0:50:C5:75:64": "-60",
            "00:A0:50:C5:65:1B": "-61",
            "00:A0:50:C5:65:1A": "-54",
            "00:A0:50:C5:76:93": "-73",
            "00:A0:50:C5:75:65": "-40",
            "00:A0:50:C5:76:94": "-53",
            "00:A0:50:C5:75:63": "-60",
            "00:A0:50:C5:76:91": "-53",
            "00:A0:50:C5:76:CB": "-57",
            "00:A0:50:C5:76:8D": "-57",
            "00:A0:50:C5:76:9A": "-66",
            "00:A0:50:C5:65:25": "-69",
            "00:A0:50:C5:75:5F": "-58"
        },
        "scan2": {
            "00:A0:50:C5:76:DE": "-33",
            "00:A0:50:C5:76:95": "-68",
            "00:A0:50:C5:75:53": "-73",
            "00:A0:50:C5:65:0E": "-71",
            "00:A0:50:C5:75:B5": "-63",
            "00:A0:50:C5:75:B4": "-55",
            "00:A0:50:C5:75:74": "-66",
            "00:A0:50:C5:76:86": "-62",
            "41:2A:27:0B:1F:19": "-87",
            "00:A0:50:C5:65:4D": "-69",
            "38:A0:5F:34:E6:BB": "-81",
            "00:A0:50:C5:65:17": "-40",
            "00:A0:50:C5:65:4A": "-70",
            "00:A0:50:C5:65:11": "-55",
            "00:A0:50:C5:65:4C": "-63",
            "00:A0:50:C5:75:6C": "-68",
            "00:A0:50:C5:75:6B": "-61",
            "00:A0:50:C5:75:6A": "-68",
            "00:A0:50:C5:76:EA": "-55",
            "00:A0:50:C5:76:94": "-55",
            "00:A0:50:C5:65:1B": "-63",
            "00:A0:50:C5:65:1A": "-53",
            "00:A0:50:C5:76:93": "-72",
            "00:A0:50:C5:75:65": "-42",
            "00:A0:50:C5:75:64": "-59",
            "00:A0:50:C5:75:63": "-62",
            "00:A0:50:C5:76:91": "-57",
            "00:A0:50:C5:76:CB": "-58",
            "5A:4F:B5:5E:00:9D": "-91",
            "00:A0:50:C5:76:8D": "-67",
            "00:A0:50:C5:76:9A": "-71",
            "00:A0:50:C5:65:25": "-68",
            "00:A0:50:C5:75:5F": "-56"
        },
        "scan3": {
            "00:A0:50:C5:76:DE": "-34",
            "00:A0:50:C5:75:53": "-73",
            "00:A0:50:C5:65:0E": "-67",
            "00:A0:50:C5:75:B5": "-59",
            "00:A0:50:C5:75:B4": "-57",
            "00:A0:50:C5:75:74": "-63",
            "41:2A:27:0B:1F:19": "-85",
            "00:A0:50:C5:65:4D": "-70",
            "38:A0:5F:34:E6:BB": "-83",
            "00:A0:50:C5:65:17": "-39",
            "00:A0:50:C5:65:4A": "-70",
            "00:A0:50:C5:65:11": "-55",
            "00:A0:50:C5:65:4C": "-65",
            "00:A0:50:C5:75:6C": "-71",
            "00:A0:50:C5:76:95": "-63",
            "00:A0:50:C5:75:6A": "-64",
            "00:A0:50:C5:76:EA": "-55",
            "00:A0:50:C5:75:64": "-55",
            "00:A0:50:C5:65:1B": "-61",
            "00:A0:50:C5:76:93": "-71",
            "00:A0:50:C5:75:65": "-40",
            "00:A0:50:C5:76:94": "-56",
            "00:A0:50:C5:75:63": "-63",
            "00:A0:50:C5:76:91": "-56",
            "5A:4F:B5:5E:00:9D": "-90",
            "00:A0:50:C5:76:8D": "-69",
            "00:A0:50:C5:75:6B": "-62",
            "00:A0:50:C5:76:9A": "-65",
            "00:A0:50:C5:65:25": "-70",
            "00:A0:50:C5:75:5F": "-56"
        }
    },
    "dht": [
        " 28,47,1509454476",
        "28,47,1509454478",
        "28,46,1509454481",
        "28,46,1509454484",
        "28,46,1509454486"
    ],
    "gsm": {
        "scan1": [
            "AT OK",
            "AT+CSMINS? +CSMINS: 0,1  OK",
            "AT+CREG? +CREG: 0,1  OK",
            "AT+CENG=3 OK",
            "AT+COPS=? +COPS: (2,\"IDEA Cellular Limited\",\"IDEA\",\"40422\"),(3,\"AirTel\",\"AirTel\",\"40490\"),(3,\"BPL USWEST (Maharastra)\",\"BPL MO\",\"40427\"),(3,\"Maharashtra\",\"CellOne\",\"40466\"),(1,\"405929\",\"405929\",\"405929\"),(3,\"405037\",\"405037\",\"405037\"),,(0-4),(0-2)  OK",
            "AT+CSQ +CSQ: 30,0  OK",
            "AT+CENG? +CENG: 3,0  +CENG: 0,\"404,22,278d,1507,04,59\" +CENG: 1,\"404,22,278d,3112,08,49\" +CENG: 2,\"404,22,278d,1505,29,43\" +CENG: 3,\"404,22,278d,3661,53,42\" +CENG: 4,\"404,22,278d,3111,21,40\" +CENG: 5,\"404,22,278d,2654,02,40\" +CENG: 6,\"404,22,278d,2653,06,31\"  OK"
        ]
    },
    "gps": []
}