{
    "bat": "74.00",
    "timeStamp": "",
    "devID": "00000000ddaba86b",
    "totalScanTime": 94,
    "wakeCounter": 1104,
    "ble": {
        "scan1": {
            "00:A0:50:C5:76:DE": "-32",
            "00:A0:50:C5:76:95": "-65",
            "34:5A:15:43:0D:DF": "-86",
            "00:A0:50:C5:75:53": "-71",
            "00:A0:50:C5:65:0E": "-65",
            "00:A0:50:C5:75:B5": "-61",
            "00:A0:50:C5:75:B4": "-57",
            "00:A0:50:C5:75:74": "-64",
            "00:A0:50:C5:76:86": "-63",
            "41:0D:77:83:8F:D9": "-96",
            "41:2A:27:0B:1F:19": "-81",
            "00:A0:50:C5:65:17": "-38",
            "00:A0:50:C5:65:4A": "-66",
            "00:A0:50:C5:65:11": "-56",
            "00:A0:50:C5:65:4C": "-64",
            "00:A0:50:C5:75:6C": "-69",
            "00:A0:50:C5:75:6B": "-62",
            "00:A0:50:C5:76:9A": "-64",
            "00:A0:50:C5:76:EA": "-55",
            "00:A0:50:C5:75:64": "-55",
            "00:A0:50:C5:65:1B": "-63",
            "00:A0:50:C5:65:1A": "-55",
            "00:A0:50:C5:76:93": "-74",
            "00:A0:50:C5:75:65": "-41",
            "00:A0:50:C5:76:94": "-55",
            "00:A0:50:C5:75:63": "-60",
            "00:A0:50:C5:76:91": "-56",
            "00:A0:50:C5:76:CB": "-59",
            "5A:4F:B5:5E:00:9D": "-85",
            "00:A0:50:C5:76:8D": "-67",
            "00:A0:50:C5:75:6A": "-64",
            "00:A0:50:C5:65:25": "-69",
            "00:A0:50:C5:75:5F": "-55",
            "BC:54:36:CD:A8:DD": "-94"
        },
        "scan2": {
            "00:A0:50:C5:76:DE": "-32",
            "00:A0:50:C5:76:95": "-65",
            "34:5A:15:43:0D:DF": "-79",
            "00:A0:50:C5:75:53": "-68",
            "00:A0:50:C5:65:0E": "-64",
            "00:A0:50:C5:75:B5": "-62",
            "00:A0:50:C5:75:B4": "-58",
            "00:A0:50:C5:75:74": "-62",
            "00:A0:50:C5:76:86": "-64",
            "41:0D:77:83:8F:D9": "-94",
            "41:2A:27:0B:1F:19": "-85",
            "00:A0:50:C5:65:17": "-39",
            "00:A0:50:C5:65:4D": "-77",
            "00:A0:50:C5:65:4A": "-71",
            "00:A0:50:C5:65:11": "-56",
            "00:A0:50:C5:65:4C": "-64",
            "00:A0:50:C5:75:6C": "-69",
            "00:A0:50:C5:75:6B": "-62",
            "00:A0:50:C5:75:6A": "-64",
            "00:A0:50:C5:76:EA": "-55",
            "00:A0:50:C5:75:64": "-60",
            "00:A0:50:C5:65:1B": "-66",
            "00:A0:50:C5:65:1A": "-54",
            "00:A0:50:C5:76:93": "-71",
            "00:A0:50:C5:75:65": "-41",
            "00:A0:50:C5:76:94": "-53",
            "00:A0:50:C5:75:63": "-61",
            "00:A0:50:C5:76:91": "-55",
            "00:A0:50:C5:76:CB": "-60",
            "00:A0:50:C5:76:8D": "-65",
            "00:A0:50:C5:76:9A": "-68",
            "00:A0:50:C5:65:25": "-65",
            "00:A0:50:C5:75:5F": "-56",
            "BC:54:36:CD:A8:DD": "-94"
        },
        "scan3": {
            "00:A0:50:C5:76:DE": "-32",
            "00:A0:50:C5:76:95": "-64",
            "34:5A:15:43:0D:DF": "-84",
            "00:A0:50:C5:75:53": "-68",
            "00:A0:50:C5:65:0E": "-65",
            "00:A0:50:C5:75:B5": "-59",
            "00:A0:50:C5:75:B4": "-57",
            "00:A0:50:C5:75:74": "-69",
            "00:A0:50:C5:76:86": "-64",
            "41:2A:27:0B:1F:19": "-85",
            "00:A0:50:C5:65:4D": "-77",
            "00:A0:50:C5:65:17": "-39",
            "00:A0:50:C5:65:4A": "-70",
            "00:A0:50:C5:65:11": "-55",
            "00:A0:50:C5:65:4C": "-65",
            "00:A0:50:C5:75:6C": "-68",
            "00:A0:50:C5:75:6B": "-61",
            "00:A0:50:C5:75:6A": "-73",
            "00:A0:50:C5:76:EA": "-56",
            "00:A0:50:C5:75:64": "-61",
            "00:A0:50:C5:65:1B": "-60",
            "00:A0:50:C5:65:1A": "-53",
            "00:A0:50:C5:76:93": "-72",
            "00:A0:50:C5:75:65": "-43",
            "00:A0:50:C5:76:94": "-53",
            "00:A0:50:C5:75:63": "-62",
            "00:A0:50:C5:76:91": "-58",
            "00:A0:50:C5:76:CB": "-60",
            "00:A0:50:C5:76:8D": "-66",
            "00:A0:50:C5:76:9A": "-69",
            "00:A0:50:C5:65:25": "-65",
            "00:A0:50:C5:75:5F": "-57",
            "BC:54:36:CD:A8:DD": "-97"
        }
    },
    "dht": [
        " 29,43,1509454924",
        "29,43,1509454927",
        "29,43,1509454929",
        "29,43,1509454932",
        "29,42,1509454934"
    ],
    "gsm": {
        "scan1": [
            "AT OK",
            "AT+CSMINS? +CSMINS: 0,1  OK",
            "AT+CREG? +CREG: 0,1  OK",
            "AT+CENG=3 OK",
            "AT+COPS=? +COPS: (2,\"IDEA Cellular Limited\",\"IDEA\",\"40422\"),(3,\"AirTel\",\"AirTel\",\"40490\"),(3,\"BPL USWEST (Maharastra)\",\"BPL MO\",\"40427\"),(3,\"Maharashtra\",\"CellOne\",\"40466\"),(3,\"405037\",\"405037\",\"405037\"),(1,\"405929\",\"405929\",\"405929\"),,(0-4),(0-2)  OK",
            "AT+CSQ +CSQ: 28,0  OK",
            "AT+CENG? +CENG: 3,0  +CENG: 0,\"404,22,278d,1507,04,56\" +CENG: 1,\"404,22,278d,3112,08,43\" +CENG: 2,\"404,22,278d,3661,53,39\" +CENG: 3,\"404,22,278d,2654,02,39\" +CENG: 4,\"404,22,278d,1505,29,38\" +CENG: 5,\"404,22,278d,0acb,42,37\" +CENG: 6,\"404,22,278d,2653,06,36\"  OK"
        ]
    },
    "gps": []
}