{
    "bat": "74.00",
    "timeStamp": "1509460471",
    "devID": "00000000ddaba86b",
    "totalScanTime": 97,
    "wakeCounter": 1105,
    "ble": {
        "scan1": {
            "00:A0:50:C5:75:53": "-76",
            "00:A0:50:C5:65:0E": "-70",
            "00:A0:50:C5:75:B5": "-59",
            "00:A0:50:C5:75:B4": "-55",
            "00:A0:50:C5:75:74": "-60",
            "00:A0:50:C5:76:86": "-67",
            "00:A0:50:C5:65:4D": "-72",
            "71:B7:28:68:C2:8B": "-92",
            "14:F2:BA:EF:48:2F": "-88",
            "00:A0:50:C5:65:17": "-39",
            "00:A0:50:C5:65:4A": "-76",
            "00:A0:50:C5:65:11": "-58",
            "00:A0:50:C5:65:4C": "-67",
            "00:A0:50:C5:75:6C": "-66",
            "00:A0:50:C5:76:95": "-69",
            "00:A0:50:C5:76:9A": "-70",
            "00:A0:50:C5:76:EA": "-56",
            "00:A0:50:C5:76:94": "-54",
            "00:A0:50:C5:65:1B": "-67",
            "00:A0:50:C5:65:1A": "-55",
            "00:A0:50:C5:75:65": "-40",
            "00:A0:50:C5:75:64": "-59",
            "00:A0:50:C5:76:93": "-68",
            "00:A0:50:C5:76:91": "-64",
            "00:A0:50:C5:76:CB": "-56",
            "6C:C2:D1:6B:F7:7A": "-96",
            "7F:88:4B:50:C8:EC": "-89",
            "00:A0:50:C5:76:8D": "-60",
            "00:A0:50:C5:75:6B": "-64",
            "00:A0:50:C5:75:6A": "-71",
            "00:A0:50:C5:65:25": "-60",
            "00:A0:50:C5:75:5F": "-77"
        },
        "scan2": {
            "00:A0:50:C5:76:DE": "-32",
            "00:A0:50:C5:75:53": "-81",
            "00:A0:50:C5:65:0E": "-72",
            "00:A0:50:C5:75:B5": "-59",
            "00:A0:50:C5:75:B4": "-55",
            "00:A0:50:C5:75:74": "-81",
            "00:A0:50:C5:76:86": "-72",
            "72:87:73:E1:D6:68": "-90",
            "00:A0:50:C5:65:4D": "-72",
            "14:F2:BA:EF:48:2F": "-83",
            "00:A0:50:C5:65:17": "-39",
            "00:A0:50:C5:65:4A": "-75",
            "00:A0:50:C5:65:11": "-57",
            "00:A0:50:C5:65:4C": "-66",
            "00:A0:50:C5:75:6C": "-72",
            "00:A0:50:C5:75:6B": "-67",
            "00:A0:50:C5:75:6A": "-70",
            "00:A0:50:C5:76:EA": "-57",
            "00:A0:50:C5:75:64": "-55",
            "00:A0:50:C5:65:1B": "-64",
            "00:A0:50:C5:65:1A": "-55",
            "00:A0:50:C5:75:65": "-41",
            "00:A0:50:C5:75:63": "-62",
            "00:A0:50:C5:76:95": "-71",
            "00:A0:50:C5:76:94": "-64",
            "00:A0:50:C5:76:93": "-69",
            "00:A0:50:C5:76:91": "-65",
            "00:A0:50:C5:76:CB": "-57",
            "7F:88:4B:50:C8:EC": "-90",
            "00:A0:50:C5:76:8D": "-62",
            "00:A0:50:C5:76:9A": "-69",
            "00:A0:50:C5:65:25": "-60",
            "00:A0:50:C5:75:5F": "-78"
        },
        "scan3": {
            "00:A0:50:C5:76:DE": "-32",
            "00:A0:50:C5:76:95": "-71",
            "00:A0:50:C5:75:53": "-77",
            "00:A0:50:C5:65:0E": "-71",
            "00:A0:50:C5:75:B5": "-60",
            "00:A0:50:C5:75:B4": "-55",
            "00:A0:50:C5:75:74": "-60",
            "00:A0:50:C5:76:86": "-66",
            "72:87:73:E1:D6:68": "-91",
            "00:A0:50:C5:65:4D": "-73",
            "14:F2:BA:EF:48:2F": "-84",
            "00:A0:50:C5:65:17": "-39",
            "00:A0:50:C5:65:4A": "-82",
            "00:A0:50:C5:65:11": "-55",
            "00:A0:50:C5:65:4C": "-66",
            "00:A0:50:C5:75:6C": "-64",
            "00:A0:50:C5:75:6B": "-68",
            "00:A0:50:C5:76:9A": "-76",
            "00:A0:50:C5:76:EA": "-56",
            "00:A0:50:C5:65:1B": "-66",
            "00:A0:50:C5:65:1A": "-54",
            "00:A0:50:C5:75:63": "-69",
            "00:A0:50:C5:75:65": "-40",
            "00:A0:50:C5:76:94": "-55",
            "00:A0:50:C5:76:93": "-69",
            "00:A0:50:C5:76:91": "-64",
            "00:A0:50:C5:76:CB": "-57",
            "00:A0:50:C5:76:8D": "-60",
            "00:A0:50:C5:75:6A": "-70",
            "00:A0:50:C5:65:25": "-62",
            "00:A0:50:C5:75:5F": "-77"
        }
    },
    "dht": [
        " 30,34,1509460449",
        "30,33,1509460451",
        "30,33,1509460454",
        "30,33,1509460456",
        "30,33,1509460459"
    ],
    "gsm": {
        "scan1": [
            "AT OK",
            "AT+CSMINS? +CSMINS: 0,1  OK",
            "AT+CREG? +CREG: 0,1  OK",
            "AT+CENG=3 OK",
            "AT+COPS=? +COPS: (2,\"IDEA Cellular Limited\",\"IDEA\",\"40422\"),(3,\"Maharashtra\",\"CellOne\",\"40466\"),(3,\"BPL USWEST (Maharastra)\",\"BPL MO\",\"40427\"),(3,\"AirTel\",\"AirTel\",\"40490\"),(1,\"405929\",\"405929\",\"405929\"),(3,\"405037\",\"405037\",\"405037\"),,(0-4),(0-2)  OK",
            "AT+CSQ +CSQ: 27,0  OK",
            "AT+CENG? +CENG: 3,0  +CENG: 0,\"404,22,278d,3112,08,54\" +CENG: 1,\"404,22,278d,1507,04,50\" +CENG: 2,\"404,22,278d,3661,53,44\" +CENG: 3,\"404,22,278d,0acb,42,43\" +CENG: 4,\"404,22,278d,2654,02,42\" +CENG: 5,\"404,22,278d,1505,29,39\" +CENG: 6,\"404,22,278d,1506,46,38\"  OK"
        ]
    },
    "gps": []
}