{
    "bat": "74.00",
    "timeStamp": "1509462777",
    "devID": "00000000ddaba86b",
    "totalScanTime": 95,
    "wakeCounter": 1106,
    "ble": {
        "scan1": {
            "00:A0:50:C5:76:DE": "-33",
            "00:A0:50:C5:76:95": "-80",
            "00:A0:50:C5:75:53": "-77",
            "00:A0:50:C5:65:0E": "-72",
            "00:A0:50:C5:75:B5": "-71",
            "00:A0:50:C5:75:B4": "-67",
            "00:A0:50:B2:96:EA": "-95",
            "00:A0:50:B2:96:EC": "-92",
            "00:A0:50:C5:75:74": "-60",
            "00:A0:50:C5:76:86": "-75",
            "00:A0:50:C5:65:4D": "-55",
            "00:A0:50:C5:65:17": "-37",
            "00:A0:50:C5:65:4A": "-62",
            "00:A0:50:C5:65:11": "-66",
            "00:A0:50:C5:65:4C": "-73",
            "00:A0:50:C5:75:6C": "-71",
            "00:A0:50:C5:75:6B": "-61",
            "00:A0:50:C5:75:6A": "-70",
            "13:0F:5B:98:30:64": "-85",
            "00:A0:50:C5:76:EA": "-55",
            "00:A0:50:C5:75:64": "-46",
            "00:A0:50:C5:65:1B": "-63",
            "00:A0:50:C5:65:1A": "-61",
            "00:A0:50:C5:76:93": "-65",
            "00:A0:50:C5:75:65": "-48",
            "00:A0:50:C5:76:94": "-55",
            "00:A0:50:C5:75:63": "-52",
            "00:A0:50:C5:76:91": "-64",
            "00:A0:50:C5:76:CB": "-54",
            "00:A0:50:B2:96:DF": "-94",
            "00:A0:50:B2:96:DD": "-92",
            "00:A0:50:C5:76:8D": "-61",
            "00:A0:50:B2:96:A8": "-91",
            "00:A0:50:B2:96:A4": "-93",
            "00:A0:50:C5:76:9A": "-68",
            "00:A0:50:C5:65:25": "-52",
            "00:A0:50:B2:93:22": "-94",
            "00:A0:50:C5:75:5F": "-70",
            "00:A0:50:B2:93:24": "-94"
        },
        "scan2": {
            "00:A0:50:C5:76:DE": "-35",
            "00:A0:50:C5:76:95": "-75",
            "00:A0:50:C5:75:53": "-77",
            "00:A0:50:C5:65:0E": "-71",
            "00:A0:50:C5:75:B5": "-67",
            "00:A0:50:C5:75:B4": "-58",
            "00:A0:50:C5:75:74": "-62",
            "00:A0:50:C5:76:86": "-71",
            "00:A0:50:C5:65:4D": "-53",
            "00:A0:50:C5:65:17": "-36",
            "00:A0:50:C5:65:4A": "-63",
            "00:A0:50:C5:65:11": "-67",
            "00:A0:50:C5:65:4C": "-80",
            "00:A0:50:C5:75:6C": "-71",
            "00:A0:50:C5:75:6B": "-61",
            "00:A0:50:C5:76:9A": "-70",
            "13:0F:5B:98:30:64": "-85",
            "00:A0:50:C5:76:EA": "-55",
            "00:A0:50:C5:75:64": "-43",
            "00:A0:50:C5:65:1B": "-64",
            "00:A0:50:C5:65:1A": "-60",
            "00:A0:50:C5:75:63": "-54",
            "00:A0:50:C5:75:65": "-48",
            "00:A0:50:C5:76:94": "-56",
            "00:A0:50:C5:76:93": "-68",
            "00:A0:50:C5:76:91": "-64",
            "00:A0:50:C5:76:CB": "-53",
            "6C:C1:CB:D1:20:5C": "-91",
            "00:A0:50:C5:76:8D": "-66",
            "00:A0:50:B2:96:A8": "-91",
            "00:A0:50:B2:96:A4": "-90",
            "00:A0:50:C5:75:6A": "-69",
            "00:A0:50:C5:65:25": "-53",
            "00:A0:50:C5:75:5F": "-73"
        },
        "scan3": {
            "00:A0:50:C5:76:DE": "-33",
            "00:A0:50:C5:76:95": "-78",
            "00:A0:50:C5:75:53": "-75",
            "00:A0:50:C5:65:0E": "-71",
            "00:A0:50:C5:75:B5": "-67",
            "00:A0:50:C5:75:B4": "-66",
            "00:A0:50:B2:96:EC": "-93",
            "00:A0:50:C5:75:74": "-60",
            "00:A0:50:C5:76:86": "-73",
            "00:A0:50:C5:65:4D": "-52",
            "00:A0:50:C5:65:17": "-36",
            "00:A0:50:C5:65:4A": "-63",
            "00:A0:50:C5:65:11": "-67",
            "00:A0:50:C5:65:4C": "-75",
            "00:A0:50:C5:75:6C": "-71",
            "00:A0:50:C5:75:6B": "-61",
            "00:A0:50:C5:75:6A": "-68",
            "13:0F:5B:98:30:64": "-86",
            "00:A0:50:C5:76:EA": "-56",
            "00:A0:50:C5:75:64": "-42",
            "00:A0:50:C5:65:1B": "-63",
            "00:A0:50:C5:65:1A": "-61",
            "00:A0:50:C5:76:93": "-64",
            "00:A0:50:C5:75:65": "-48",
            "00:A0:50:C5:76:94": "-56",
            "00:A0:50:C5:75:63": "-52",
            "6C:C1:CB:D1:20:5C": "-89",
            "00:A0:50:C5:76:CB": "-53",
            "00:A0:50:C5:76:91": "-65",
            "00:A0:50:B2:96:DD": "-90",
            "00:A0:50:C5:76:8D": "-63",
            "00:A0:50:B2:96:A8": "-93",
            "00:A0:50:B2:96:A4": "-92",
            "00:A0:50:C5:76:9A": "-70",
            "00:A0:50:C5:65:25": "-53",
            "00:A0:50:C5:75:5F": "-71"
        }
    },
    "dht": [
        " 30,36,1509462755",
        "30,36,1509462757",
        "30,36,1509462760",
        "30,36,1509462762",
        "30,36,1509462765"
    ],
    "gsm": {
        "scan1": [
            "AT OK",
            "AT+CSMINS? +CSMINS: 0,1  OK",
            "AT+CREG? +CREG: 0,1  OK",
            "AT+CENG=3 OK",
            "AT+COPS=? +COPS: (2,\"IDEA Cellular Limited\",\"IDEA\",\"40422\"),(3,\"Maharashtra\",\"CellOne\",\"40466\"),(3,\"AirTel\",\"AirTel\",\"40490\"),(3,\"405037\",\"405037\",\"405037\"),(3,\"405804\",\"405804\",\"405804\"),(3,\"BPL USWEST (Maharastra)\",\"BPL MO\",\"40427\"),,(0-4),(0-2)  OK",
            "AT+CSQ +CSQ: 22,0  OK",
            "AT+CENG? +CENG: 3,0  +CENG: 0,\"404,22,278d,206d,25,43\" +CENG: 1,\"404,22,278d,3661,53,24\" +CENG: 2,\"404,22,278d,3663,46,20\" +CENG: 3,\"404,22,278d,3662,46,19\" +CENG: 4,\"404,22,278d,3112,08,18\" +CENG: 5,\"404,22,278d,1506,46,18\" +CENG: 6,\"404,22,278d,1507,04,18\"  OK"
        ]
    },
    "gps": []
}