{
    "bat": "74.00",
    "timeStamp": "1509462917",
    "devID": "00000000ddaba86b",
    "totalScanTime": 94,
    "wakeCounter": 1107,
    "ble": {
        "scan1": {
            "00:A0:50:C5:76:DE": "-35",
            "00:A0:50:C5:75:53": "-80",
            "00:A0:50:C5:65:0E": "-67",
            "00:A0:50:C5:75:B5": "-68",
            "00:A0:50:C5:75:B4": "-60",
            "00:A0:50:B2:96:EC": "-92",
            "00:A0:50:C5:75:74": "-64",
            "00:A0:50:C5:76:86": "-74",
            "25:74:14:B2:94:1B": "-93",
            "70:D5:16:9D:9C:56": "-97",
            "00:A0:50:C5:65:4D": "-64",
            "00:A0:50:C5:65:17": "-35",
            "00:A0:50:C5:65:4A": "-74",
            "00:A0:50:C5:65:11": "-67",
            "00:A0:50:C5:65:4C": "-71",
            "00:A0:50:C5:75:6C": "-74",
            "00:A0:50:C5:75:6B": "-57",
            "00:A0:50:C5:75:6A": "-57",
            "00:A0:50:C5:76:EA": "-56",
            "00:A0:50:C5:75:64": "-63",
            "00:A0:50:C5:65:1B": "-63",
            "00:A0:50:C5:65:1A": "-57",
            "00:A0:50:B2:96:B2": "-89",
            "00:A0:50:C5:75:65": "-51",
            "00:A0:50:C5:76:93": "-67",
            "00:A0:50:C5:76:95": "-71",
            "00:A0:50:C5:76:94": "-57",
            "00:A0:50:C5:75:63": "-62",
            "00:A0:50:C5:76:91": "-65",
            "00:A0:50:C5:76:CB": "-52",
            "00:A0:50:B2:96:DD": "-93",
            "00:A0:50:B2:96:61": "-90",
            "00:A0:50:B2:96:AC": "-93",
            "00:A0:50:C5:76:8D": "-65",
            "00:A0:50:B2:96:A8": "-89",
            "D9:35:90:6D:E7:8C": "-90",
            "00:A0:50:B2:96:A4": "-95",
            "00:A0:50:C5:65:25": "-63",
            "00:A0:50:C5:76:9A": "-73",
            "20:19:15:27:48:91": "-91",
            "00:A0:50:B2:93:22": "-93",
            "00:A0:50:C5:75:5F": "-61",
            "00:A0:50:B2:93:24": "-92"
        },
        "scan2": {
            "00:A0:50:C5:76:DE": "-35",
            "00:A0:50:C5:76:95": "-68",
            "00:A0:50:C5:75:53": "-79",
            "00:A0:50:C5:65:0E": "-62",
            "00:A0:50:C5:75:B5": "-63",
            "00:A0:50:C5:75:B4": "-61",
            "00:A0:50:C5:75:74": "-63",
            "00:A0:50:C5:76:86": "-73",
            "25:74:14:B2:94:1B": "-82",
            "00:A0:50:C5:65:4D": "-67",
            "00:A0:50:C5:65:17": "-35",
            "00:A0:50:C5:65:4A": "-70",
            "00:A0:50:C5:65:11": "-66",
            "00:A0:50:C5:65:4C": "-76",
            "00:A0:50:C5:75:6C": "-80",
            "00:A0:50:C5:75:6B": "-60",
            "00:A0:50:C5:76:9A": "-73",
            "00:A0:50:C5:76:EA": "-59",
            "00:A0:50:C5:75:64": "-62",
            "00:A0:50:C5:65:1B": "-61",
            "00:A0:50:C5:65:1A": "-56",
            "00:A0:50:B2:96:B2": "-91",
            "00:A0:50:C5:75:63": "-65",
            "00:A0:50:C5:75:65": "-52",
            "00:A0:50:C5:76:94": "-56",
            "00:A0:50:C5:76:93": "-67",
            "00:A0:50:C5:76:91": "-68",
            "00:A0:50:C5:76:CB": "-53",
            "00:A0:50:B2:96:61": "-91",
            "00:A0:50:C5:76:8D": "-67",
            "00:A0:50:B2:96:A8": "-87",
            "00:A0:50:C5:65:25": "-72",
            "00:A0:50:C5:75:6A": "-60",
            "20:19:15:27:48:91": "-90",
            "00:A0:50:B2:93:22": "-93",
            "00:A0:50:C5:75:5F": "-56"
        },
        "scan3": {
            "00:A0:50:C5:76:DE": "-35",
            "00:A0:50:C5:65:11": "-69",
            "00:A0:50:C5:75:53": "-75",
            "00:A0:50:C5:65:0E": "-63",
            "00:A0:50:C5:75:B5": "-67",
            "00:A0:50:C5:75:B4": "-60",
            "00:A0:50:C5:75:74": "-62",
            "00:A0:50:C5:76:86": "-73",
            "00:A0:50:B2:96:AC": "-90",
            "00:A0:50:C5:65:4D": "-67",
            "00:A0:50:C5:65:4A": "-70",
            "00:A0:50:B2:96:B2": "-90",
            "00:A0:50:C5:65:4C": "-76",
            "20:19:15:27:48:91": "-93",
            "00:A0:50:C5:75:6C": "-75",
            "00:A0:50:C5:75:6B": "-60",
            "25:74:14:B2:94:1B": "-81",
            "00:A0:50:C5:76:EA": "-59",
            "00:A0:50:C5:76:94": "-52",
            "00:A0:50:C5:65:1B": "-59",
            "00:A0:50:C5:65:1A": "-57",
            "00:A0:50:C5:75:65": "-55",
            "00:A0:50:C5:76:93": "-67",
            "00:A0:50:C5:76:95": "-65",
            "00:A0:50:C5:75:64": "-61",
            "00:A0:50:C5:75:63": "-62",
            "00:A0:50:C5:76:CB": "-53",
            "00:A0:50:B2:96:DD": "-94",
            "00:A0:50:B2:93:22": "-94",
            "00:A0:50:B3:77:09": "-91",
            "00:A0:50:C5:76:8D": "-67",
            "00:A0:50:B2:96:A8": "-88",
            "00:A0:50:C5:75:6A": "-56",
            "00:A0:50:C5:65:25": "-69",
            "00:A0:50:B2:96:61": "-90",
            "00:A0:50:C5:75:5F": "-60",
            "00:A0:50:B2:93:24": "-94"
        }
    },
    "dht": [
        " 30,37,1509462894",
        "30,37,1509462897",
        "30,37,1509462900",
        "30,37,1509462902",
        "30,37,1509462905"
    ],
    "gsm": {
        "scan1": [
            "AT OK",
            "AT+CSMINS? +CSMINS: 0,1  OK",
            "AT+CREG? +CREG: 0,1  OK",
            "AT+CENG=3 OK",
            "AT+COPS=? +COPS: (2,\"IDEA Cellular Limited\",\"IDEA\",\"40422\"),(3,\"Maharashtra\",\"CellOne\",\"40466\"),(3,\"405037\",\"405037\",\"405037\"),(3,\"BPL USWEST (Maharastra)\",\"BPL MO\",\"40427\"),(3,\"AirTel\",\"AirTel\",\"40490\"),,(0-4),(0-2)  OK",
            "AT+CSQ +CSQ: 20,0  OK",
            "AT+CENG? +CENG: 3,0  +CENG: 0,\"404,22,278d,206d,25,40\" +CENG: 1,\"404,22,278d,3661,53,28\" +CENG: 2,\"404,22,278d,3112,08,25\" +CENG: 3,\"404,22,278d,3663,46,23\" +CENG: 4,\"404,22,278d,1506,46,19\" +CENG: 5,\"404,22,278d,3662,46,16\" +CENG: 6,\"404,22,278d,206e,19,15\"  OK"
        ]
    },
    "gps": []
}