{
    "bat": "74.00",
    "timeStamp": "1509463330",
    "devID": "00000000ddaba86b",
    "totalScanTime": 94,
    "wakeCounter": 1108,
    "ble": {
        "scan1": {
            "00:A0:50:C5:76:DE": "-34",
            "00:A0:50:C5:76:95": "-61",
            "00:A0:50:C5:75:53": "-78",
            "00:A0:50:C5:65:0E": "-65",
            "00:A0:50:C5:75:B5": "-69",
            "00:A0:50:C5:75:B4": "-62",
            "00:A0:50:C5:75:74": "-62",
            "00:A0:50:C5:76:86": "-70",
            "25:74:14:B2:94:1B": "-88",
            "00:A0:50:C5:65:1B": "-61",
            "00:A0:50:C5:65:4D": "-65",
            "00:A0:50:C5:65:17": "-35",
            "00:A0:50:C5:65:4A": "-70",
            "00:A0:50:C5:65:11": "-67",
            "00:A0:50:C5:65:4C": "-74",
            "00:A0:50:C5:75:6C": "-75",
            "00:A0:50:C5:75:6B": "-63",
            "00:A0:50:C5:75:6A": "-59",
            "00:A0:50:C5:76:EA": "-58",
            "00:A0:50:C5:75:64": "-61",
            "00:A0:50:B2:96:B2": "-92",
            "00:A0:50:C5:65:1A": "-58",
            "00:A0:50:C5:76:93": "-70",
            "00:A0:50:C5:75:65": "-52",
            "00:A0:50:C5:76:94": "-55",
            "00:A0:50:C5:75:63": "-77",
            "00:A0:50:C5:76:91": "-67",
            "00:A0:50:C5:76:CB": "-53",
            "00:A0:50:B2:93:22": "-93",
            "00:A0:50:B3:77:09": "-95",
            "00:A0:50:C5:76:8D": "-71",
            "00:A0:50:B2:96:A8": "-87",
            "00:A0:50:C5:65:25": "-68",
            "00:A0:50:C5:76:9A": "-72",
            "20:19:15:27:48:91": "-94",
            "00:A0:50:B2:96:61": "-90",
            "00:A0:50:C5:75:5F": "-60"
        },
        "scan2": {
            "00:A0:50:C5:76:DE": "-35",
            "00:A0:50:C5:75:53": "-78",
            "00:A0:50:C5:65:0E": "-64",
            "00:A0:50:C5:75:B5": "-70",
            "00:A0:50:C5:75:B4": "-61",
            "00:A0:50:C5:75:74": "-67",
            "00:A0:50:C5:76:86": "-72",
            "25:74:14:B2:94:1B": "-89",
            "00:A0:50:C5:65:17": "-34",
            "00:A0:50:C5:65:4A": "-77",
            "00:A0:50:C5:65:11": "-65",
            "00:A0:50:C5:65:4C": "-70",
            "00:A0:50:C5:75:6C": "-75",
            "00:A0:50:C5:76:95": "-66",
            "00:A0:50:C5:76:9A": "-71",
            "00:A0:50:C5:76:EA": "-59",
            "00:A0:50:C5:65:25": "-71",
            "00:A0:50:C5:65:1B": "-61",
            "00:A0:50:C5:65:1A": "-58",
            "00:A0:50:B2:96:B2": "-92",
            "00:A0:50:C5:75:63": "-63",
            "00:A0:50:C5:75:65": "-53",
            "00:A0:50:C5:76:94": "-51",
            "00:A0:50:C5:76:93": "-70",
            "00:A0:50:C5:76:91": "-65",
            "B8:27:EB:01:02:C1": "Result",
            "00:A0:50:C5:76:CB": "-53",
            "00:A0:50:C5:76:8D": "-66",
            "00:A0:50:B2:96:A8": "-92",
            "00:A0:50:C5:75:6B": "-61",
            "00:A0:50:C5:75:6A": "-59",
            "20:19:15:27:48:91": "-93",
            "00:A0:50:B2:96:61": "-90",
            "00:A0:50:C5:75:5F": "-59"
        },
        "scan3": {
            "00:A0:50:C5:65:17": "-34",
            "00:A0:50:B2:96:61": "-90",
            "00:A0:50:C5:75:65": "-53",
            "00:A0:50:C5:76:94": "-51",
            "25:74:14:B2:94:1B": "-88"
        }
    },
    "dht": [
        " 31,36,1509463034",
        "31,36,1509463037",
        "31,36,1509463039",
        "31,36,1509463042",
        "31,36,1509463044"
    ],
    "gsm": {
        "scan1": [
            "AT OK",
            "AT+CSMINS? +CSMINS: 0,1  OK",
            "AT+CREG? +CREG: 0,1  OK",
            "AT+CENG=3 OK",
            "AT+COPS=? +COPS: (2,\"IDEA Cellular Limited\",\"IDEA\",\"40422\"),(3,\"BPL USWEST (Maharastra)\",\"BPL MO\",\"40427\"),(3,\"405037\",\"405037\",\"405037\"),(3,\"AirTel\",\"AirTel\",\"40490\"),(3,\"Maharashtra\",\"CellOne\",\"40466\"),,(0-4),(0-2)  OK",
            "AT+CSQ +CSQ: 22,0  OK",
            "AT+CENG? +CENG: 3,0  +CENG: 0,\"404,22,278d,206d,25,44\" +CENG: 1,\"404,22,278d,3663,46,27\" +CENG: 2,\"404,22,278d,3112,08,25\" +CENG: 3,\"404,22,278d,3661,53,24\" +CENG: 4,\"404,22,278d,1506,46,18\" +CENG: 5,\"404,22,278d,206e,19,16\" +CENG: 6,\"404,22,278d,12cd,44,15\"  OK"
        ]
    },
    "gps": []
}