{
    "bat": "74.00",
    "timeStamp": "1509463469",
    "devID": "00000000ddaba86b",
    "totalScanTime": 94,
    "wakeCounter": 1109,
    "ble": {
        "scan1": {
            "00:A0:50:C5:76:DE": "-35",
            "00:A0:50:C5:76:95": "-87",
            "00:A0:50:C5:75:53": "-85",
            "00:A0:50:C5:65:0E": "-71",
            "00:A0:50:C5:75:B5": "-73",
            "00:A0:50:C5:75:B4": "-61",
            "00:A0:50:C5:75:74": "-66",
            "00:A0:50:C5:76:86": "-76",
            "00:A0:50:B2:96:AC": "-95",
            "00:A0:50:C5:65:4D": "-85",
            "00:A0:50:C5:65:17": "-35",
            "25:74:14:B2:94:1B": "-79",
            "20:19:15:27:48:91": "-92",
            "00:A0:50:C5:65:4C": "-83",
            "00:A0:50:C5:75:6C": "-83",
            "00:A0:50:C5:75:6B": "-75",
            "00:A0:50:C5:75:6A": "-85",
            "00:A0:50:C5:76:EA": "-55",
            "00:A0:50:C5:75:64": "-78",
            "00:A0:50:C5:65:1B": "-78",
            "00:A0:50:C5:65:1A": "-63",
            "00:A0:50:C5:76:93": "-90",
            "00:A0:50:C5:75:65": "-52",
            "00:A0:50:C5:76:94": "-52",
            "00:A0:50:C5:75:63": "-84",
            "00:A0:50:C5:76:91": "-73",
            "00:A0:50:C5:76:CB": "-56",
            "00:A0:50:C5:76:8D": "-81",
            "00:A0:50:B2:96:A8": "-93",
            "00:A0:50:C5:76:9A": "-78",
            "00:A0:50:C5:65:25": "-80",
            "00:A0:50:C5:75:5F": "-72"
        },
        "scan2": {
            "00:A0:50:C5:76:DE": "-33",
            "00:A0:50:C5:75:53": "-79",
            "00:A0:50:C5:65:0E": "-71",
            "00:A0:50:C5:75:B5": "-75",
            "00:A0:50:C5:75:B4": "-60",
            "00:A0:50:C5:75:74": "-65",
            "00:A0:50:C5:76:86": "-86",
            "25:74:14:B2:94:1B": "-80",
            "00:A0:50:C5:65:1B": "-76",
            "00:A0:50:C5:65:4D": "-72",
            "00:A0:50:C5:65:17": "-35",
            "00:A0:50:C5:65:4A": "-83",
            "00:A0:50:C5:65:11": "-59",
            "00:A0:50:C5:65:4C": "-78",
            "00:A0:50:C5:75:6C": "-81",
            "00:A0:50:C5:76:95": "-85",
            "00:A0:50:C5:76:9A": "-73",
            "20:19:15:27:48:91": "-95",
            "00:A0:50:C5:65:1A": "-63",
            "00:A0:50:C5:75:65": "-52",
            "00:A0:50:C5:76:94": "-53",
            "00:A0:50:C5:76:93": "-78",
            "00:A0:50:C5:76:91": "-79",
            "00:A0:50:C5:76:CB": "-57",
            "00:A0:50:C5:76:8D": "-76",
            "00:A0:50:B2:96:A8": "-92",
            "00:A0:50:C5:75:6B": "-87",
            "00:A0:50:C5:75:6A": "-90",
            "00:A0:50:C5:65:25": "-79",
            "00:A0:50:C5:75:5F": "-71"
        },
        "scan3": {
            "00:A0:50:C5:76:DE": "-35",
            "00:A0:50:C5:76:95": "-88",
            "00:A0:50:C5:75:53": "-82",
            "00:A0:50:C5:65:0E": "-72",
            "00:A0:50:C5:75:B5": "-69",
            "00:A0:50:C5:75:B4": "-60",
            "00:A0:50:C5:75:74": "-65",
            "00:A0:50:C5:76:86": "-77",
            "25:74:14:B2:94:1B": "-82",
            "00:A0:50:C5:65:1B": "-79",
            "00:A0:50:C5:65:4D": "-83",
            "00:A0:50:C5:65:17": "-35",
            "00:A0:50:C5:65:4A": "-85",
            "00:A0:50:C5:65:11": "-60",
            "00:A0:50:C5:65:4C": "-80",
            "00:A0:50:C5:75:6C": "-86",
            "00:A0:50:C5:75:6B": "-81",
            "00:A0:50:C5:75:6A": "-79",
            "00:A0:50:C5:76:EA": "-53",
            "00:A0:50:C5:75:64": "-78",
            "20:19:15:27:48:91": "-94",
            "00:A0:50:C5:65:1A": "-63",
            "00:A0:50:C5:76:93": "-89",
            "00:A0:50:C5:75:65": "-51",
            "00:A0:50:C5:76:94": "-52",
            "00:A0:50:C5:75:63": "-85",
            "00:A0:50:C5:76:91": "-74",
            "00:A0:50:C5:76:CB": "-53",
            "00:A0:50:C5:76:8D": "-75",
            "00:A0:50:B2:96:A8": "-92",
            "00:A0:50:C5:76:9A": "-72",
            "00:A0:50:C5:65:25": "-82",
            "00:A0:50:C5:75:5F": "-71"
        }
    },
    "dht": [
        " 31,35,1509463447",
        "31,35,1509463449",
        "31,35,1509463452",
        "31,35,1509463454",
        "31,35,1509463457"
    ],
    "gsm": {
        "scan1": [
            "AT OK",
            "AT+CSMINS? +CSMINS: 0,1  OK",
            "AT+CREG? +CREG: 0,1  OK",
            "AT+CENG=3 OK",
            "AT+COPS=? +COPS: (2,\"IDEA Cellular Limited\",\"IDEA\",\"40422\"),(3,\"BPL USWEST (Maharastra)\",\"BPL MO\",\"40427\"),(3,\"405037\",\"405037\",\"405037\"),(3,\"405804\",\"405804\",\"405804\"),(3,\"AirTel\",\"AirTel\",\"40490\"),(3,\"Maharashtra\",\"CellOne\",\"40466\"),,(0-4),(0-2)  OK",
            "AT+CSQ +CSQ: 18,0  OK",
            "AT+CENG? +CENG: 3,0  +CENG: 0,\"404,22,278d,206d,25,36\" +CENG: 1,\"404,22,278d,3661,53,25\" +CENG: 2,\"404,22,278d,3663,46,24\" +CENG: 3,\"404,22,278d,1507,04,14\" +CENG: 4,\"404,22,278d,206e,19,12\" +CENG: 5,\",,0000,ffff,00,15\" +CENG: 6,\",,0000,ffff,46,14\"  OK"
        ]
    },
    "gps": []
}