{
    "bat": "74.00",
    "timeStamp": "1509463608",
    "devID": "00000000ddaba86b",
    "totalScanTime": 94,
    "wakeCounter": 1110,
    "ble": {
        "scan1": {
            "00:A0:50:C5:76:DE": "-35",
            "00:A0:50:C5:75:53": "-74",
            "00:A0:50:C5:65:0E": "-73",
            "00:A0:50:C5:75:B5": "-72",
            "00:A0:50:C5:75:B4": "-60",
            "00:A0:50:C5:75:74": "-67",
            "00:A0:50:C5:76:86": "-73",
            "25:74:14:B2:94:1B": "-91",
            "00:A0:50:C5:65:4D": "-82",
            "00:A0:50:C5:65:17": "-35",
            "00:A0:50:C5:65:4A": "-81",
            "20:19:15:27:48:91": "-93",
            "00:A0:50:C5:65:4C": "-81",
            "00:A0:50:C5:75:6C": "-79",
            "00:A0:50:C5:75:65": "-51",
            "00:A0:50:C5:75:6A": "-84",
            "00:A0:50:C5:76:EA": "-53",
            "00:A0:50:C5:75:64": "-71",
            "00:A0:50:C5:65:1A": "-63",
            "00:A0:50:C5:76:93": "-85",
            "00:A0:50:C5:76:95": "-72",
            "00:A0:50:C5:76:94": "-52",
            "00:A0:50:C5:75:63": "-85",
            "00:A0:50:C5:76:CB": "-53",
            "00:A0:50:C5:76:8D": "-73",
            "00:A0:50:C5:75:6B": "-89",
            "00:A0:50:C5:76:9A": "-78",
            "00:A0:50:C5:65:25": "-82",
            "00:A0:50:C5:75:5F": "-75"
        },
        "scan2": {
            "00:A0:50:C5:76:DE": "-35",
            "00:A0:50:C5:75:53": "-80",
            "00:A0:50:C5:65:0E": "-72",
            "00:A0:50:C5:75:B5": "-72",
            "00:A0:50:C5:75:B4": "-60",
            "00:A0:50:C5:75:74": "-65",
            "00:A0:50:C5:76:86": "-81",
            "25:74:14:B2:94:1B": "-86",
            "00:A0:50:C5:65:4D": "-81",
            "00:A0:50:C5:65:17": "-35",
            "00:A0:50:C5:65:4A": "-72",
            "00:A0:50:C5:65:11": "-59",
            "00:A0:50:C5:65:4C": "-80",
            "00:A0:50:C5:75:6C": "-78",
            "00:A0:50:C5:76:95": "-83",
            "00:A0:50:C5:76:9A": "-77",
            "00:A0:50:C5:76:EA": "-53",
            "00:A0:50:C5:76:94": "-51",
            "00:A0:50:C5:65:1B": "-76",
            "00:A0:50:C5:65:1A": "-63",
            "00:A0:50:C5:75:63": "-80",
            "00:A0:50:C5:75:65": "-51",
            "00:A0:50:C5:75:64": "-75",
            "00:A0:50:C5:76:93": "-82",
            "00:A0:50:C5:76:91": "-77",
            "00:A0:50:C5:76:CB": "-57",
            "00:A0:50:C5:76:8D": "-81",
            "00:A0:50:C5:75:6B": "-82",
            "00:A0:50:C5:75:6A": "-82",
            "00:A0:50:C5:65:25": "-74",
            "00:A0:50:C5:75:5F": "-73"
        },
        "scan3": {
            "00:A0:50:C5:76:DE": "-33",
            "00:A0:50:C5:75:53": "-81",
            "00:A0:50:C5:65:0E": "-87",
            "00:A0:50:C5:75:B5": "-72",
            "00:A0:50:C5:75:B4": "-61",
            "00:A0:50:C5:75:74": "-67",
            "00:A0:50:C5:76:86": "-81",
            "25:74:14:B2:94:1B": "-81",
            "00:A0:50:C5:65:4D": "-75",
            "00:A0:50:C5:65:17": "-35",
            "00:A0:50:C5:65:4A": "-73",
            "00:A0:50:C5:65:11": "-63",
            "00:A0:50:C5:65:4C": "-74",
            "20:19:15:27:48:91": "-96",
            "00:A0:50:C5:75:6C": "-85",
            "00:A0:50:C5:75:6B": "-83",
            "00:A0:50:C5:75:6A": "-82",
            "00:A0:50:C5:76:EA": "-56",
            "00:A0:50:C5:76:94": "-52",
            "00:A0:50:C5:65:1B": "-78",
            "00:A0:50:C5:65:1A": "-62",
            "00:A0:50:C5:75:65": "-51",
            "00:A0:50:C5:76:93": "-84",
            "00:A0:50:C5:76:95": "-72",
            "00:A0:50:C5:75:64": "-72",
            "00:A0:50:C5:75:63": "-84",
            "00:A0:50:C5:76:91": "-76",
            "00:A0:50:C5:76:CB": "-56",
            "00:A0:50:C5:76:8D": "-85",
            "00:A0:50:B2:96:A8": "-89",
            "00:A0:50:C5:76:9A": "-76",
            "00:A0:50:C5:65:25": "-81",
            "00:A0:50:C5:75:5F": "-72"
        }
    },
    "dht": [
        " 31,36,1509463586",
        "31,36,1509463588",
        "31,36,1509463591",
        "31,36,1509463593",
        "31,36,1509463596"
    ],
    "gsm": {
        "scan1": [
            "AT OK",
            "AT+CSMINS? +CSMINS: 0,1  OK",
            "AT+CREG? +CREG: 0,1  OK",
            "AT+CENG=3 OK",
            "AT+COPS=? +COPS: (2,\"IDEA Cellular Limited\",\"IDEA\",\"40422\"),(3,\"BPL USWEST (Maharastra)\",\"BPL MO\",\"40427\"),(3,\"405804\",\"405804\",\"405804\"),(3,\"AirTel\",\"AirTel\",\"40490\"),(3,\"405037\",\"405037\",\"405037\"),(3,\"Maharashtra\",\"CellOne\",\"40466\"),,(0-4),(0-2)  OK",
            "AT+CSQ +CSQ: 16,0  OK",
            "AT+CENG? +CENG: 3,0  +CENG: 0,\"404,22,278d,206d,25,32\" +CENG: 1,\"404,22,278d,3663,46,26\" +CENG: 2,\"404,22,278d,3661,53,23\" +CENG: 3,\"404,22,278d,1507,04,13\" +CENG: 4,\"404,22,278d,206e,19,11\" +CENG: 5,\",,0000,ffff,46,14\" +CENG: 6,\",,0000,ffff,00,13\"  OK"
        ]
    },
    "gps": []
}