{
    "bat": "74.00",
    "timeStamp": "1509464236",
    "devID": "00000000ddaba86b",
    "totalScanTime": 95,
    "wakeCounter": 1111,
    "ble": {
        "scan1": {
            "00:A0:50:C5:76:DE": "-36",
            "00:A0:50:C5:75:53": "-52",
            "00:A0:50:C5:65:0E": "-50",
            "00:A0:50:C5:75:B5": "-48",
            "00:A0:50:C5:75:B4": "-45",
            "00:A0:50:C5:75:74": "-42",
            "00:A0:50:C5:76:86": "-64",
            "00:A0:50:C5:65:4D": "-40",
            "00:A0:50:C5:65:17": "-42",
            "00:A0:50:C5:65:4A": "-62",
            "00:A0:50:C5:65:11": "-48",
            "00:A0:50:C5:65:4C": "-52",
            "00:A0:50:C5:75:6C": "-58",
            "00:A0:50:C5:76:95": "-55",
            "00:A0:50:C5:75:6A": "-57",
            "00:A0:50:C5:76:EA": "-52",
            "00:A0:50:C5:75:64": "-55",
            "00:A0:50:C5:65:1B": "-53",
            "00:A0:50:C5:65:1A": "-54",
            "00:A0:50:C5:76:93": "-56",
            "00:A0:50:C5:75:65": "-45",
            "00:A0:50:C5:76:94": "-44",
            "00:A0:50:C5:75:63": "-57",
            "00:A0:50:C5:76:91": "-70",
            "00:A0:50:C5:76:CB": "-72",
            "00:A0:50:C5:76:8D": "-59",
            "00:A0:50:C5:75:6B": "-65",
            "00:A0:50:C5:76:9A": "-52",
            "00:A0:50:C5:65:25": "-54",
            "00:A0:50:C5:75:5F": "-54"
        },
        "scan2": {
            "00:A0:50:C5:76:DE": "-39",
            "00:A0:50:C5:76:95": "-56",
            "00:A0:50:C5:75:53": "-56",
            "00:A0:50:C5:65:0E": "-60",
            "00:A0:50:C5:75:B5": "-55",
            "00:A0:50:C5:75:B4": "-61",
            "00:A0:50:C5:75:74": "-43",
            "00:A0:50:C5:76:86": "-65",
            "2D:C7:8D:18:19:0A": "-93",
            "00:A0:50:C5:65:4D": "-61",
            "00:A0:50:C5:65:17": "-44",
            "00:A0:50:C5:65:4A": "-69",
            "00:A0:50:C5:65:11": "-45",
            "00:A0:50:C5:65:4C": "-54",
            "00:A0:50:C5:75:6C": "-67",
            "00:A0:50:C5:75:6B": "-61",
            "00:A0:50:C5:76:9A": "-52",
            "00:A0:50:C5:76:EA": "-48",
            "00:A0:50:C5:75:64": "-59",
            "00:A0:50:C5:65:1B": "-59",
            "00:A0:50:C5:65:1A": "-55",
            "00:A0:50:C5:76:93": "-57",
            "00:A0:50:C5:75:65": "-41",
            "00:A0:50:C5:76:94": "-40",
            "00:A0:50:C5:75:63": "-54",
            "00:A0:50:C5:76:91": "-74",
            "00:A0:50:C5:76:CB": "-48",
            "00:A0:50:C5:76:8D": "-59",
            "00:A0:50:C5:75:6A": "-62",
            "00:A0:50:C5:65:25": "-63",
            "00:A0:50:C5:75:5F": "-57"
        },
        "scan3": {
            "00:A0:50:C5:76:DE": "-37",
            "00:A0:50:C5:75:53": "-60",
            "00:A0:50:C5:65:0E": "-47",
            "00:A0:50:C5:75:B5": "-59",
            "00:A0:50:C5:75:B4": "-41",
            "00:A0:50:C5:75:74": "-44",
            "00:A0:50:C5:76:86": "-64",
            "00:A0:50:C5:65:4D": "-43",
            "00:A0:50:C5:65:17": "-41",
            "00:A0:50:C5:65:4A": "-63",
            "00:A0:50:C5:65:11": "-55",
            "00:A0:50:C5:65:4C": "-54",
            "00:A0:50:C5:75:6C": "-57",
            "00:A0:50:C5:76:95": "-52",
            "00:A0:50:C5:76:9A": "-52",
            "00:A0:50:C5:76:EA": "-48",
            "00:A0:50:C5:75:64": "-72",
            "00:A0:50:C5:65:1B": "-53",
            "00:A0:50:C5:65:1A": "-52",
            "00:A0:50:C5:76:93": "-59",
            "00:A0:50:C5:75:65": "-41",
            "00:A0:50:C5:76:94": "-43",
            "00:A0:50:C5:75:63": "-61",
            "00:A0:50:C5:76:91": "-56",
            "00:A0:50:C5:76:CB": "-51",
            "00:A0:50:C5:76:8D": "-52",
            "00:A0:50:C5:75:6B": "-55",
            "00:A0:50:C5:75:6A": "-66",
            "00:A0:50:C5:65:25": "-64",
            "00:A0:50:C5:75:5F": "-55"
        }
    },
    "dht": [
        " 29,36,1509464210",
        "29,36,1509464213",
        "29,36,1509464216",
        "29,36,1509464218",
        "28,37,1509464221",
        "28,37,1509464223"
    ],
    "gsm": {
        "scan1": [
            "AT OK",
            "AT+CSMINS? +CSMINS: 0,1  OK",
            "AT+CREG? +CREG: 0,1  OK",
            "AT+CENG=3 OK",
            "AT+COPS=? +COPS: (2,\"IDEA Cellular Limited\",\"IDEA\",\"40422\"),(3,\"405037\",\"405037\",\"405037\"),(3,\"AirTel\",\"AirTel\",\"40490\"),(1,\"405929\",\"405929\",\"405929\"),(3,\"BPL USWEST (Maharastra)\",\"BPL MO\",\"40427\"),,(0-4),(0-2)  OK",
            "AT+CSQ +CSQ: 13,0  OK",
            "AT+CENG? +CENG: 3,0  +CENG: 0,\"404,22,278d,3112,08,26\" +CENG: 1,\"404,22,278d,1505,29,24\" +CENG: 2,\"404,22,278d,1507,04,17\" +CENG: 3,\"404,22,278d,1506,46,15\" +CENG: 4,\",,0000,ffff,06,20\" +CENG: 5,\",,0000,ffff,00,17\" +CENG: 6,\"404,22,278d,0912,00,15\"  OK"
        ]
    },
    "gps": []
}