{
    "bat": "63.00",
    "timeStamp": "1509374855",
    "devID": "0000000001040921",
    "totalScanTime": 93,
    "wakeCounter": 1112,
    "ble": {
        "scan1": {
            "00:A0:50:C5:76:DE": "-66",
            "00:A0:50:C5:76:95": "-81",
            "00:A0:50:C5:75:53": "-74",
            "00:A0:50:B2:93:2F": "-96",
            "00:A0:50:C5:75:B5": "-71",
            "00:A0:50:C5:75:B4": "-67",
            "00:A0:50:B2:96:EA": "-97",
            "00:A0:50:B2:96:EC": "-95",
            "00:A0:50:B2:94:F1": "-90",
            "00:A0:50:C5:75:74": "-77",
            "00:A0:50:C5:76:86": "-80",
            "00:A0:50:B2:96:AC": "-96",
            "00:A0:50:C5:65:4D": "-77",
            "3C:91:C9:73:35:63": "-84",
            "00:A0:50:C5:65:17": "-74",
            "00:A0:50:C5:65:4A": "-72",
            "00:A0:50:C5:65:11": "-71",
            "00:A0:50:C5:65:4C": "-80",
            "00:A0:50:C5:75:6C": "-75",
            "00:A0:50:C5:75:6B": "-80",
            "00:A0:50:C5:75:6A": "-74",
            "00:A0:50:C5:76:EA": "-76",
            "00:A0:50:C5:76:94": "-71",
            "00:A0:50:C5:65:1B": "-72",
            "00:A0:50:C5:65:1A": "-72",
            "00:A0:50:B2:96:B2": "-96",
            "00:A0:50:C5:76:93": "-74",
            "00:A0:50:C5:75:65": "-72",
            "00:A0:50:C5:75:64": "-78",
            "00:A0:50:C5:75:63": "-71",
            "00:A0:50:C5:76:91": "-85",
            "00:A0:50:C5:65:0E": "-77",
            "00:A0:50:C5:76:CB": "-72",
            "00:A0:50:B2:96:DF": "-98",
            "00:A0:50:B2:96:DD": "-93",
            "00:A0:50:B2:96:61": "-92",
            "00:A0:50:B3:77:09": "-93",
            "00:A0:50:B2:96:E3": "-95",
            "00:A0:50:B2:96:E2": "-93",
            "00:A0:50:C5:76:8D": "-79",
            "00:A0:50:B2:96:A8": "-90",
            "00:A0:50:B2:96:A4": "-93",
            "00:A0:50:C5:76:9A": "-73",
            "00:A0:50:C5:65:25": "-73",
            "00:A0:50:B3:77:E1": "-95",
            "00:A0:50:B2:93:22": "-91",
            "00:A0:50:C5:75:5F": "-71",
            "00:A0:50:B2:93:24": "-94"
        },
        "scan2": {
            "00:A0:50:C5:76:DE": "-63",
            "00:A0:50:C5:75:53": "-82",
            "00:A0:50:B2:93:2F": "-92",
            "00:A0:50:C5:75:B5": "-68",
            "00:A0:50:C5:75:B4": "-70",
            "00:A0:50:B2:96:EA": "-94",
            "00:A0:50:B2:96:EC": "-88",
            "00:A0:50:B2:94:F1": "-91",
            "00:A0:50:C5:75:74": "-72",
            "00:A0:50:C5:76:86": "-75",
            "00:A0:50:B2:96:AC": "-90",
            "00:A0:50:C5:65:1B": "-65",
            "00:A0:50:C5:65:4D": "-76",
            "3C:91:C9:73:35:63": "-84",
            "00:A0:50:C5:65:17": "-73",
            "00:A0:50:C5:65:4A": "-73",
            "00:A0:50:C5:65:11": "-72",
            "00:A0:50:C5:65:4C": "-66",
            "00:A0:50:C5:75:6C": "-82",
            "00:A0:50:C5:76:95": "-76",
            "00:A0:50:C5:75:6A": "-78",
            "00:A0:50:C5:76:EA": "-80",
            "00:A0:50:C5:76:94": "-78",
            "00:A0:50:B2:96:B2": "-91",
            "00:A0:50:C5:65:1A": "-72",
            "00:A0:50:C5:75:63": "-69",
            "00:A0:50:C5:75:65": "-76",
            "00:A0:50:C5:75:64": "-86",
            "00:A0:50:C5:76:93": "-81",
            "00:A0:50:C5:76:91": "-75",
            "00:A0:50:C5:65:0E": "-72",
            "00:A0:50:C5:76:CB": "-72",
            "00:A0:50:B2:96:DD": "-96",
            "00:A0:50:B2:93:22": "-91",
            "00:A0:50:B3:77:09": "-96",
            "00:A0:50:B2:96:E3": "-96",
            "00:A0:50:B2:96:E2": "-96",
            "00:A0:50:C5:76:8D": "-79",
            "00:A0:50:B2:96:A8": "-89",
            "F7:9B:C4:C8:47:97": "-97",
            "00:A0:50:B2:96:A4": "-95",
            "00:A0:50:B2:96:A0": "-94",
            "00:A0:50:C5:75:6B": "-82",
            "00:A0:50:C5:76:9A": "-73",
            "00:A0:50:C5:65:25": "-67",
            "00:A0:50:B2:96:61": "-94"
        },
        "scan3": {
            "00:A0:50:C5:75:53": "-82",
            "00:A0:50:B2:93:2F": "-97",
            "00:A0:50:C5:75:B5": "-71",
            "00:A0:50:C5:75:B4": "-70",
            "00:A0:50:B2:96:EA": "-94",
            "00:A0:50:B2:96:EC": "-90",
            "00:A0:50:B2:94:F1": "-90",
            "00:A0:50:C5:75:74": "-77",
            "00:A0:50:C5:76:86": "-82",
            "00:A0:50:B2:96:AC": "-90",
            "00:A0:50:C5:65:4D": "-74",
            "3C:91:C9:73:35:63": "-82",
            "00:A0:50:C5:65:17": "-73",
            "00:A0:50:C5:65:4A": "-70",
            "00:A0:50:C5:65:11": "-84",
            "00:A0:50:C5:65:4C": "-70",
            "00:A0:50:C5:75:6C": "-81",
            "00:A0:50:C5:75:6B": "-73",
            "00:A0:50:C5:76:9A": "-76",
            "00:A0:50:C5:76:EA": "-80",
            "00:A0:50:B2:96:27": "-90",
            "00:A0:50:C5:65:1B": "-70",
            "00:A0:50:C5:65:1A": "-81",
            "00:A0:50:B2:96:B2": "-94",
            "00:A0:50:C5:76:93": "-72",
            "00:A0:50:C5:76:95": "-78",
            "00:A0:50:C5:76:94": "-68",
            "00:A0:50:C5:75:63": "-70",
            "00:A0:50:C5:76:91": "-70",
            "00:A0:50:C5:76:CB": "-78",
            "00:A0:50:B2:96:DD": "-94",
            "00:A0:50:B2:96:61": "-99",
            "00:A0:50:B2:93:5F": "-93",
            "00:A0:50:B3:77:09": "-91",
            "00:A0:50:B2:96:E2": "-93",
            "00:A0:50:C5:76:8D": "-75",
            "00:A0:50:B2:96:A8": "-86",
            "00:A0:50:C5:75:64": "-84",
            "00:A0:50:B2:96:A4": "-92",
            "00:A0:50:C5:75:6A": "-73",
            "00:A0:50:C5:65:25": "-72",
            "00:A0:50:B3:77:E1": "-95",
            "00:A0:50:B2:93:22": "-97",
            "00:A0:50:C5:75:5F": "-71"
        }
    },
    "dht": [
        " 30,36,1509374832",
        "30,36,1509374835",
        "30,36,1509374838",
        "30,36,1509374840",
        "29,36,1509374843"
    ],
    "gsm": {
        "scan1": [
            "AT OK",
            "AT+CSMINS? +CSMINS: 0,1  OK",
            "AT+CREG? +CREG: 0,1  OK",
            "AT+CENG=3 OK",
            "AT+COPS=? +COPS: (2,\"IDEA Cellular Limited\",\"IDEA\",\"40422\"),(3,\"405037\",\"405037\",\"405037\"),(3,\"405804\",\"405804\",\"405804\"),(3,\"BPL USWEST (Maharastra)\",\"BPL MO\",\"40427\"),(3,\"AirTel\",\"AirTel\",\"40490\"),,(0-4),(0-2)  OK",
            "AT+CSQ +CSQ: 15,0  OK",
            "AT+CENG? +CENG: 3,0  +CENG: 0,\"404,22,278d,206d,25,30\" +CENG: 1,\"404,22,278d,3661,53,26\" +CENG: 2,\"404,22,278d,3112,08,23\" +CENG: 3,\"404,22,278d,1507,04,20\" +CENG: 4,\"404,22,278d,206e,19,17\" +CENG: 5,\"404,22,278d,1506,46,15\" +CENG: 6,\",,0000,ffff,46,17\"  OK"
        ]
    },
    "gps": []
}