{
    "bat": "63.00",
    "timeStamp": "1509380436",
    "devID": "0000000001040921",
    "totalScanTime": 93,
    "wakeCounter": 1127,
    "ble": {
        "scan1": {
            "00:A0:50:C5:76:DE": "-74",
            "00:A0:50:C5:75:53": "-77",
            "00:A0:50:C5:65:0E": "-72",
            "00:A0:50:C5:75:B5": "-70",
            "00:A0:50:C5:75:B4": "-73",
            "00:A0:50:B2:96:EC": "-93",
            "00:A0:50:B2:94:F1": "-91",
            "00:A0:50:C5:75:74": "-71",
            "00:A0:50:C5:76:86": "-77",
            "00:A0:50:B2:96:AC": "-92",
            "00:A0:50:C5:65:1B": "-71",
            "00:A0:50:C5:65:4D": "-69",
            "00:A0:50:C5:65:17": "-79",
            "00:A0:50:C5:65:4A": "-74",
            "00:A0:50:C5:65:11": "-81",
            "00:A0:50:C5:65:4C": "-72",
            "00:A0:50:C5:75:6C": "-79",
            "00:A0:50:C5:75:6B": "-71",
            "00:A0:50:C5:75:6A": "-87",
            "00:A0:50:C5:76:EA": "-81",
            "00:A0:50:C5:75:64": "-84",
            "00:A0:50:B2:96:B2": "-94",
            "00:A0:50:C5:65:1A": "-90",
            "00:A0:50:C5:75:65": "-75",
            "00:A0:50:C5:76:93": "-77",
            "00:A0:50:C5:76:95": "-84",
            "00:A0:50:C5:76:94": "-77",
            "00:A0:50:C5:75:63": "-70",
            "00:A0:50:C5:76:91": "-76",
            "00:A0:50:C5:76:CB": "-79",
            "00:A0:50:B2:96:DF": "-93",
            "00:A0:50:B2:96:61": "-93",
            "00:A0:50:B3:77:09": "-91",
            "00:A0:50:C5:76:8D": "-76",
            "00:A0:50:B2:96:A8": "-91",
            "00:A0:50:C5:76:9A": "-80",
            "00:A0:50:C5:65:25": "-74",
            "00:A0:50:B3:77:E1": "-92",
            "00:A0:50:B2:93:22": "-93",
            "00:A0:50:C5:75:5F": "-78",
            "00:A0:50:B2:93:24": "-92"
        },
        "scan2": {
            "00:A0:50:C5:76:DE": "-71",
            "00:A0:50:C5:75:53": "-93",
            "00:A0:50:C5:65:0E": "-72",
            "00:A0:50:C5:75:B5": "-87",
            "00:A0:50:C5:75:B4": "-74",
            "00:A0:50:B2:96:EC": "-90",
            "00:A0:50:B2:94:F1": "-93",
            "00:A0:50:C5:75:74": "-73",
            "00:A0:50:C5:76:86": "-73",
            "00:A0:50:B2:96:AC": "-89",
            "00:A0:50:C5:65:1B": "-70",
            "00:A0:50:C5:65:4D": "-70",
            "00:A0:50:C5:65:17": "-83",
            "00:A0:50:C5:65:4A": "-73",
            "00:A0:50:C5:65:11": "-79",
            "00:A0:50:C5:65:4C": "-71",
            "00:A0:50:C5:75:6C": "-79",
            "00:A0:50:C5:76:95": "-78",
            "00:A0:50:C5:75:6A": "-75",
            "00:A0:50:C5:76:EA": "-80",
            "00:A0:50:C5:76:94": "-79",
            "00:A0:50:B2:96:B2": "-94",
            "00:A0:50:C5:65:1A": "-79",
            "00:A0:50:C5:75:63": "-76",
            "00:A0:50:C5:75:65": "-75",
            "00:A0:50:C5:75:64": "-85",
            "00:A0:50:C5:76:93": "-77",
            "00:A0:50:C5:76:91": "-77",
            "00:A0:50:C5:76:CB": "-78",
            "00:A0:50:B2:96:DF": "-93",
            "00:A0:50:B2:96:DD": "-92",
            "00:A0:50:B2:93:22": "-92",
            "00:A0:50:B3:77:09": "-93",
            "00:A0:50:C5:76:8D": "-74",
            "00:A0:50:B2:96:A8": "-88",
            "00:A0:50:B2:96:A4": "-92",
            "00:A0:50:C5:75:6B": "-77",
            "00:A0:50:C5:76:9A": "-73",
            "00:A0:50:C5:65:25": "-76",
            "00:A0:50:B3:77:E1": "-94",
            "00:A0:50:B2:96:61": "-92",
            "00:A0:50:C5:75:5F": "-80",
            "00:A0:50:B2:93:24": "-91"
        },
        "scan3": {
            "00:A0:50:C5:76:DE": "-78",
            "00:A0:50:C5:76:95": "-77",
            "00:A0:50:C5:75:53": "-80",
            "00:A0:50:C5:65:0E": "-74",
            "00:A0:50:C5:75:B5": "-88",
            "00:A0:50:C5:75:B4": "-74",
            "00:A0:50:B2:96:EC": "-90",
            "00:A0:50:B2:94:F1": "-93",
            "00:A0:50:C5:75:74": "-77",
            "00:A0:50:C5:76:86": "-77",
            "00:A0:50:B2:96:AC": "-97",
            "00:A0:50:C5:65:1B": "-72",
            "00:A0:50:C5:65:4D": "-69",
            "00:A0:50:C5:65:17": "-85",
            "00:A0:50:C5:65:11": "-80",
            "00:A0:50:C5:65:4C": "-79",
            "00:A0:50:C5:75:6C": "-79",
            "00:A0:50:C5:75:6B": "-76",
            "00:A0:50:C5:75:6A": "-79",
            "00:A0:50:C5:76:EA": "-82",
            "00:A0:50:C5:75:64": "-79",
            "00:A0:50:B2:96:B2": "-91",
            "00:A0:50:C5:65:1A": "-77",
            "00:A0:50:C5:76:93": "-80",
            "00:A0:50:C5:75:65": "-74",
            "00:A0:50:C5:76:94": "-84",
            "00:A0:50:C5:75:63": "-83",
            "00:A0:50:C5:76:91": "-70",
            "00:A0:50:C5:76:CB": "-83",
            "00:A0:50:B2:96:DF": "-94",
            "00:A0:50:B2:96:DD": "-92",
            "00:A0:50:B2:93:22": "-91",
            "00:A0:50:B2:93:5F": "-96",
            "00:A0:50:B3:77:09": "-94",
            "00:A0:50:C5:76:8D": "-87",
            "00:A0:50:B2:96:A8": "-92",
            "00:A0:50:C5:76:9A": "-77",
            "00:A0:50:C5:65:25": "-72",
            "00:A0:50:B3:77:E1": "-94",
            "00:A0:50:B2:96:61": "-92",
            "00:A0:50:C5:75:5F": "-76",
            "00:A0:50:B2:93:24": "-91"
        }
    },
    "dht": [
        " 29,36,1509380363",
        "29,36,1509380366",
        "29,36,1509380369",
        "29,36,1509380371"
    ],
    "gsm": {
        "scan1": [
            "AT OK",
            "AT+CSMINS? +CSMINS: 0,1  OK",
            "AT+CREG? +CREG: 0,1  OK",
            "AT+CENG=3 OK",
            "AT+COPS=? +COPS: (2,\"IDEA Cellular Limited\",\"IDEA\",\"40422\"),(3,\"BPL USWEST (Maharastra)\",\"BPL MO\",\"40427\"),(3,\"AirTel\",\"AirTel\",\"40490\"),(1,\"Maharashtra\",\"CellOne\",\"40466\"),(3,\"405037\",\"405037\",\"405037\"),(3,\"405804\",\"405804\",\"405804\"),,(0-4),(0-2)  OK",
            "AT+CSQ +CSQ: 21,0  OK",
            "AT+CENG? +CENG: 3,0  +CENG: 0,\"404,22,278d,206d,25,42\" +CENG: 1,\"404,22,278d,3661,53,26\" +CENG: 2,\"404,22,278d,3663,46,22\" +CENG: 3,\"404,22,278d,206e,19,21\" +CENG: 4,\",,0000,ffff,00,21\" +CENG: 5,\",,0000,ffff,08,19\" +CENG: 6,\",,0000,ffff,46,19\"  OK"
        ]
    },
    "gps": []
}