{
    "bat": "63.00",
    "timeStamp": "1509380575",
    "devID": "0000000001040921",
    "totalScanTime": 99,
    "wakeCounter": 1128,
    "ble": {
        "scan1": {
            "00:A0:50:C5:76:DE": "-76",
            "00:A0:50:C5:75:53": "-76",
            "00:A0:50:C5:65:0E": "-75",
            "00:A0:50:C5:75:B5": "-70",
            "00:A0:50:C5:75:B4": "-72",
            "00:A0:50:B2:96:EC": "-97",
            "00:A0:50:B2:94:F1": "-93",
            "00:A0:50:C5:75:74": "-72",
            "00:A0:50:C5:76:86": "-79",
            "00:A0:50:B2:96:AC": "-94",
            "00:A0:50:C5:65:1B": "-75",
            "00:A0:50:C5:65:4D": "-72",
            "00:A0:50:C5:65:17": "-80",
            "00:A0:50:C5:65:4A": "-83",
            "00:A0:50:C5:65:11": "-76",
            "00:A0:50:C5:65:4C": "-79",
            "00:A0:50:C5:75:6C": "-81",
            "00:A0:50:C5:76:95": "-89",
            "00:A0:50:C5:76:9A": "-79",
            "00:A0:50:C5:76:EA": "-80",
            "00:A0:50:B2:96:B2": "-96",
            "00:A0:50:C5:65:1A": "-86",
            "00:A0:50:C5:76:93": "-74",
            "00:A0:50:C5:75:65": "-74",
            "00:A0:50:C5:75:64": "-83",
            "00:A0:50:C5:75:63": "-76",
            "00:A0:50:C5:76:91": "-71",
            "00:A0:50:C5:76:CB": "-79",
            "00:A0:50:B2:96:DF": "-95",
            "00:A0:50:B3:77:09": "-93",
            "00:A0:50:B2:96:E2": "-97",
            "00:A0:50:C5:76:8D": "-77",
            "00:A0:50:B2:96:A8": "-89",
            "00:A0:50:C5:75:6B": "-72",
            "00:A0:50:C5:75:6A": "-74",
            "00:A0:50:C5:65:25": "-77",
            "00:A0:50:B3:77:E1": "-95",
            "00:A0:50:B2:96:61": "-91",
            "00:A0:50:C5:75:5F": "-83",
            "00:A0:50:B2:93:24": "-91"
        },
        "scan2": {
            "00:A0:50:C5:76:DE": "-79",
            "00:A0:50:C5:76:95": "-82",
            "00:A0:50:C5:75:53": "-86",
            "00:A0:50:C5:65:0E": "-76",
            "00:A0:50:C5:75:B5": "-79",
            "00:A0:50:C5:75:B4": "-72",
            "00:A0:50:B2:94:F1": "-91",
            "00:A0:50:C5:75:74": "-73",
            "00:A0:50:C5:76:86": "-80",
            "00:A0:50:B2:96:AC": "-95",
            "00:A0:50:C5:65:1B": "-75",
            "00:A0:50:C5:65:4D": "-71",
            "00:A0:50:C5:65:17": "-78",
            "00:A0:50:C5:65:4A": "-74",
            "00:A0:50:C5:65:11": "-77",
            "00:A0:50:C5:65:4C": "-80",
            "00:A0:50:C5:75:6C": "-78",
            "00:A0:50:C5:75:6B": "-74",
            "00:A0:50:C5:75:6A": "-76",
            "00:A0:50:C5:76:EA": "-78",
            "00:A0:50:C5:75:64": "-77",
            "00:A0:50:B2:96:B2": "-94",
            "00:A0:50:C5:65:1A": "-73",
            "00:A0:50:C5:76:93": "-79",
            "00:A0:50:C5:75:65": "-78",
            "00:A0:50:C5:76:94": "-71",
            "00:A0:50:C5:75:63": "-74",
            "00:A0:50:C5:76:91": "-72",
            "00:A0:50:C5:76:CB": "-84",
            "00:A0:50:B2:96:61": "-92",
            "00:A0:50:B3:77:09": "-96",
            "00:A0:50:C5:76:8D": "-76",
            "00:A0:50:B2:96:A8": "-89",
            "00:A0:50:C5:76:9A": "-79",
            "00:A0:50:C5:65:25": "-77",
            "00:A0:50:B3:77:E1": "-95",
            "00:A0:50:B2:93:22": "-92",
            "00:A0:50:C5:75:5F": "-83"
        },
        "scan3": {
            "00:A0:50:C5:76:DE": "-73",
            "00:A0:50:C5:75:53": "-87",
            "00:A0:50:C5:65:0E": "-84",
            "00:A0:50:C5:75:B5": "-69",
            "00:A0:50:C5:75:B4": "-76",
            "00:A0:50:B2:94:F1": "-92",
            "00:A0:50:C5:75:74": "-71",
            "00:A0:50:C5:76:86": "-76",
            "00:A0:50:B2:96:AC": "-95",
            "00:A0:50:C5:65:1B": "-72",
            "00:A0:50:C5:65:4D": "-72",
            "00:A0:50:C5:65:17": "-85",
            "00:A0:50:C5:65:4A": "-73",
            "00:A0:50:C5:65:11": "-74",
            "00:A0:50:C5:65:4C": "-72",
            "00:A0:50:C5:75:6C": "-82",
            "00:A0:50:C5:76:95": "-83",
            "00:A0:50:C5:76:9A": "-73",
            "00:A0:50:C5:76:EA": "-79",
            "00:A0:50:C5:76:94": "-72",
            "00:A0:50:B2:96:B2": "-94",
            "00:A0:50:C5:65:1A": "-76",
            "00:A0:50:C5:75:63": "-74",
            "00:A0:50:C5:75:65": "-78",
            "00:A0:50:C5:75:64": "-83",
            "00:A0:50:C5:76:93": "-79",
            "00:A0:50:C5:76:91": "-70",
            "00:A0:50:C5:76:CB": "-79",
            "00:A0:50:B2:96:61": "-92",
            "00:A0:50:B3:77:09": "-98",
            "00:A0:50:C5:76:8D": "-86",
            "00:A0:50:B2:96:A8": "-89",
            "00:A0:50:B2:96:A4": "-95",
            "00:A0:50:C5:75:6B": "-81",
            "00:A0:50:C5:75:6A": "-77",
            "00:A0:50:C5:65:25": "-85",
            "00:A0:50:B3:77:E1": "-95",
            "00:A0:50:B2:93:22": "-96",
            "00:A0:50:C5:75:5F": "-80",
            "00:A0:50:B2:93:24": "-92"
        }
    },
    "dht": [
        " 29,35,1509380550",
        "29,35,1509380553",
        "29,35,1509380555",
        "29,35,1509380558",
        "29,35,1509380560",
        "29,36,1509380563"
    ],
    "gsm": {
        "scan1": [
            "AT OK",
            "AT+CSMINS? +CSMINS: 0,1  OK",
            "AT+CREG? +CREG: 0,1  OK",
            "AT+CENG=3 OK",
            "AT+COPS=? +COPS: (2,\"IDEA Cellular Limited\",\"IDEA\",\"40422\"),(1,\"Maharashtra\",\"CellOne\",\"40466\"),(3,\"AirTel\",\"AirTel\",\"40490\"),(3,\"BPL USWEST (Maharastra)\",\"BPL MO\",\"40427\"),(3,\"405804\",\"405804\",\"405804\"),(3,\"405037\",\"405037\",\"405037\"),,(0-4),(0-2)  OK",
            "AT+CSQ +CSQ: 21,0  OK",
            "AT+CENG? +CENG: 3,0  +CENG: 0,\"404,22,278d,206d,25,42\" +CENG: 1,\"404,22,278d,3661,53,26\" +CENG: 2,\"404,22,278d,1507,04,20\" +CENG: 3,\"404,22,278d,3663,46,20\" +CENG: 4,\",,0000,ffff,19,19\" +CENG: 5,\",,0000,ffff,46,19\" +CENG: 6,\",,0000,ffff,00,19\"  OK"
        ]
    },
    "gps": []
}