{
    "bat": "74.00",
    "timeStamp": "1509461757",
    "devID": "0000000001040921",
    "totalScanTime": 95,
    "wakeCounter": 1136,
    "ble": {
        "scan1": {
            "00:A0:50:C5:76:DE": "-73",
            "00:A0:50:C5:76:95": "-61",
            "00:A0:50:C5:75:53": "-45",
            "00:A0:50:C5:65:0E": "-53",
            "00:A0:50:C5:75:B5": "-45",
            "13:94:29:A4:36:39": "-94",
            "00:A0:50:C5:75:74": "-75",
            "00:A0:50:C5:76:86": "-41",
            "00:A0:50:B2:96:AC": "-95",
            "00:A0:50:C5:65:1B": "-58",
            "0F:6E:3F:6C:18:BA": "-97",
            "00:A0:50:C5:65:17": "-73",
            "2C:23:34:B3:DD:76": "-90",
            "00:A0:50:C5:65:4A": "-41",
            "00:A0:50:C5:65:11": "-71",
            "00:A0:50:C5:65:4C": "-40",
            "00:A0:50:C5:75:6C": "-76",
            "00:A0:50:C5:75:6B": "-85",
            "00:A0:50:C5:75:6A": "-58",
            "00:A0:50:C5:76:EA": "-78",
            "00:A0:50:C5:75:64": "-66",
            "00:A0:50:B2:96:B2": "-93",
            "00:A0:50:C5:65:1A": "-88",
            "00:A0:50:B3:77:DB": "-93",
            "00:A0:50:C5:76:93": "-60",
            "00:A0:50:C5:75:65": "-85",
            "00:A0:50:C5:76:94": "-76",
            "00:A0:50:C5:75:63": "-68",
            "00:A0:50:C5:76:91": "-42",
            "00:A0:50:B2:96:61": "-92",
            "00:A0:50:C5:65:4D": "-47",
            "00:A0:50:C5:75:B4": "-70",
            "00:A0:50:C5:76:8D": "-68",
            "D9:35:90:6D:E7:8C": "-96",
            "00:A0:50:C5:76:9A": "-36",
            "00:A0:50:C5:65:25": "-60",
            "00:A0:50:B2:93:22": "-94",
            "00:A0:50:C5:75:5F": "-50"
        },
        "scan2": {
            "00:A0:50:C5:76:DE": "-75",
            "00:A0:50:C5:75:53": "-45",
            "00:A0:50:C5:65:0E": "-52",
            "00:A0:50:C5:75:B5": "-45",
            "00:A0:50:C5:75:B4": "-70",
            "00:A0:50:C5:75:74": "-74",
            "00:A0:50:C5:76:86": "-41",
            "00:A0:50:C5:65:1B": "-56",
            "0F:6E:3F:6C:18:BA": "-96",
            "00:A0:50:C5:65:17": "-72",
            "2C:23:34:B3:DD:76": "-93",
            "00:A0:50:C5:65:4A": "-43",
            "00:A0:50:C5:65:11": "-74",
            "00:A0:50:C5:65:4C": "-37",
            "00:A0:50:C5:75:6C": "-72",
            "00:A0:50:C5:76:95": "-69",
            "00:A0:50:C5:76:9A": "-37",
            "00:A0:50:C5:76:EA": "-79",
            "00:A0:50:C5:76:94": "-75",
            "00:A0:50:B2:96:B2": "-94",
            "00:A0:50:C5:65:1A": "-89",
            "00:A0:50:B3:77:DB": "-92",
            "00:A0:50:C5:75:63": "-67",
            "00:A0:50:C5:75:65": "-86",
            "00:A0:50:C5:75:64": "-65",
            "00:A0:50:C5:76:93": "-57",
            "00:A0:50:C5:76:91": "-44",
            "00:A0:50:C5:76:CB": "-86",
            "00:A0:50:C5:65:4D": "-42",
            "00:A0:50:C5:76:8D": "-67",
            "00:A0:50:B2:96:A8": "-95",
            "00:A0:50:C5:75:6B": "-71",
            "00:A0:50:C5:75:6A": "-59",
            "00:A0:50:C5:65:25": "-62",
            "00:A0:50:B2:96:61": "-92",
            "00:A0:50:C5:75:5F": "-45"
        },
        "scan3": {
            "00:A0:50:C5:76:DE": "-69",
            "00:A0:50:C5:76:95": "-68",
            "00:A0:50:C5:75:53": "-43",
            "00:A0:50:C5:65:0E": "-52",
            "00:A0:50:C5:75:B5": "-45",
            "13:94:29:A4:36:39": "-97",
            "00:A0:50:C5:75:74": "-77",
            "00:A0:50:C5:76:86": "-41",
            "00:A0:50:C5:65:1B": "-58",
            "00:A0:50:C5:65:4D": "-48",
            "00:A0:50:C5:65:17": "-74",
            "2C:23:34:B3:DD:76": "-93",
            "00:A0:50:C5:65:4A": "-45",
            "00:A0:50:C5:65:11": "-75",
            "00:A0:50:C5:65:4C": "-37",
            "00:A0:50:C5:75:6C": "-76",
            "00:A0:50:C5:75:6B": "-80",
            "00:A0:50:C5:75:6A": "-59",
            "00:A0:50:C5:76:EA": "-86",
            "00:A0:50:C5:75:64": "-65",
            "00:A0:50:B2:96:B2": "-92",
            "00:A0:50:C5:65:1A": "-88",
            "00:A0:50:B3:77:DB": "-94",
            "00:A0:50:C5:76:93": "-61",
            "00:A0:50:C5:75:65": "-75",
            "00:A0:50:C5:76:94": "-80",
            "00:A0:50:C5:75:63": "-67",
            "00:A0:50:C5:76:91": "-40",
            "00:A0:50:C5:76:CB": "-87",
            "00:A0:50:C5:75:B4": "-72",
            "00:A0:50:C5:76:8D": "-67",
            "00:A0:50:B2:96:A8": "-90",
            "00:A0:50:C5:76:9A": "-37",
            "00:A0:50:C5:65:25": "-59",
            "00:A0:50:B2:96:61": "-92",
            "00:A0:50:C5:75:5F": "-46"
        }
    },
    "dht": [
        " 30,35,1509461734",
        "30,35,1509461737",
        "30,35,1509461739",
        "30,35,1509461742",
        "30,35,1509461744"
    ],
    "gsm": {
        "scan1": [
            "AT OK",
            "AT+CSMINS? +CSMINS: 0,1  OK",
            "AT+CREG? +CREG: 0,1  OK",
            "AT+CENG=3 OK",
            "AT+COPS=? +COPS: (2,\"IDEA Cellular Limited\",\"IDEA\",\"40422\"),(3,\"BPL USWEST (Maharastra)\",\"BPL MO\",\"40427\"),(3,\"405037\",\"405037\",\"405037\"),(3,\"AirTel\",\"AirTel\",\"40490\"),(3,\"405804\",\"405804\",\"405804\"),,(0-4),(0-2)  OK",
            "AT+CSQ +CSQ: 22,0  OK",
            "AT+CENG? +CENG: 3,0  +CENG: 0,\"404,22,278d,206d,25,43\" +CENG: 1,\"404,22,278d,3663,46,25\" +CENG: 2,\"404,22,278d,1507,04,23\" +CENG: 3,\"404,22,278d,3661,53,21\" +CENG: 4,\"404,22,278d,3662,46,16\" +CENG: 5,\"404,22,278d,3112,08,16\" +CENG: 6,\",,0000,ffff,19,19\"  OK"
        ]
    },
    "gps": []
}