{
    "bat": "74.00",
    "timeStamp": "1509462198",
    "devID": "0000000001040921",
    "totalScanTime": 94,
    "wakeCounter": 1137,
    "ble": {
        "scan1": {
            "00:A0:50:C5:76:DE": "-71",
            "00:A0:50:C5:76:95": "-67",
            "00:A0:50:C5:75:53": "-42",
            "00:A0:50:C5:65:0E": "-52",
            "00:A0:50:C5:75:B5": "-45",
            "00:A0:50:C5:75:B4": "-69",
            "00:A0:50:C5:75:74": "-70",
            "00:A0:50:C5:76:86": "-41",
            "00:A0:50:C5:65:1B": "-58",
            "00:A0:50:C5:65:4D": "-44",
            "00:A0:50:C5:65:17": "-73",
            "00:A0:50:C5:65:4A": "-45",
            "00:A0:50:C5:65:11": "-77",
            "00:A0:50:C5:65:4C": "-37",
            "00:A0:50:C5:75:6C": "-74",
            "00:A0:50:C5:75:6B": "-64",
            "00:A0:50:C5:75:6A": "-61",
            "13:0F:5B:98:30:64": "-88",
            "00:A0:50:C5:76:EA": "-80",
            "00:A0:50:C5:75:64": "-66",
            "00:A0:50:B2:96:B2": "-95",
            "00:A0:50:C5:65:1A": "-83",
            "00:A0:50:C5:75:63": "-66",
            "00:A0:50:C5:75:65": "-86",
            "00:A0:50:C5:76:94": "-77",
            "00:A0:50:C5:76:93": "-58",
            "00:A0:50:C5:76:91": "-45",
            "13:94:29:A4:36:39": "-96",
            "00:A0:50:C5:76:8D": "-67",
            "00:A0:50:B2:96:A8": "-97",
            "00:A0:50:C5:76:9A": "-37",
            "00:A0:50:C5:65:25": "-63",
            "10:C0:A7:94:26:DE": "-92",
            "00:A0:50:C5:75:5F": "-45"
        },
        "scan2": {
            "00:A0:50:C5:76:DE": "-74",
            "00:A0:50:C5:76:95": "-68",
            "00:A0:50:C5:75:53": "-45",
            "00:A0:50:C5:65:0E": "-52",
            "00:A0:50:C5:75:B5": "-45",
            "00:A0:50:C5:75:B4": "-66",
            "00:A0:50:C5:75:74": "-71",
            "00:A0:50:C5:76:86": "-43",
            "00:A0:50:C5:65:1B": "-67",
            "00:A0:50:C5:65:4D": "-48",
            "00:A0:50:C5:65:17": "-73",
            "00:A0:50:C5:65:4A": "-43",
            "00:A0:50:C5:65:11": "-69",
            "00:A0:50:C5:65:4C": "-40",
            "00:A0:50:C5:75:6C": "-75",
            "00:A0:50:C5:75:6B": "-70",
            "00:A0:50:C5:76:9A": "-36",
            "13:0F:5B:98:30:64": "-91",
            "00:A0:50:C5:76:EA": "-91",
            "00:A0:50:C5:76:94": "-78",
            "00:A0:50:B2:96:B2": "-93",
            "00:A0:50:C5:65:1A": "-85",
            "00:A0:50:C5:76:93": "-63",
            "00:A0:50:C5:75:65": "-80",
            "00:A0:50:C5:75:64": "-66",
            "00:A0:50:C5:75:63": "-65",
            "00:A0:50:C5:76:91": "-44",
            "00:A0:50:C5:76:CB": "-85",
            "13:94:29:A4:36:39": "-99",
            "00:A0:50:C5:76:8D": "-81",
            "00:A0:50:B2:96:A8": "-94",
            "D9:35:90:6D:E7:8C": "-98",
            "00:A0:50:C5:75:6A": "-58",
            "00:A0:50:C5:65:25": "-59",
            "10:C0:A7:94:26:DE": "-93",
            "00:A0:50:C5:75:5F": "-47"
        },
        "scan3": {
            "00:A0:50:C5:76:DE": "-66",
            "00:A0:50:C5:76:95": "-61",
            "00:A0:50:C5:75:53": "-45",
            "00:A0:50:C5:65:0E": "-53",
            "00:A0:50:C5:75:B5": "-46",
            "00:A0:50:C5:75:B4": "-62",
            "00:A0:50:C5:75:74": "-70",
            "00:A0:50:C5:76:86": "-42",
            "00:A0:50:B2:96:AC": "-98",
            "00:A0:50:C5:65:1B": "-66",
            "00:A0:50:C5:65:4D": "-48",
            "00:A0:50:C5:65:17": "-74",
            "00:A0:50:C5:65:4A": "-42",
            "00:A0:50:C5:65:11": "-72",
            "00:A0:50:C5:65:4C": "-40",
            "00:A0:50:C5:75:6C": "-71",
            "00:A0:50:C5:75:6B": "-62",
            "00:A0:50:C5:75:6A": "-58",
            "13:0F:5B:98:30:64": "-89",
            "00:A0:50:C5:76:EA": "-81",
            "00:A0:50:C5:75:64": "-71",
            "00:A0:50:B2:96:B2": "-94",
            "00:A0:50:C5:65:1A": "-85",
            "00:A0:50:C5:75:63": "-67",
            "00:A0:50:C5:75:65": "-70",
            "00:A0:50:C5:76:94": "-80",
            "00:A0:50:C5:76:93": "-64",
            "00:A0:50:C5:76:91": "-44",
            "00:A0:50:C5:76:CB": "-84",
            "10:C0:A7:94:26:DE": "-97",
            "13:94:29:A4:36:39": "-97",
            "00:A0:50:C5:76:8D": "-83",
            "00:A0:50:B2:96:A8": "-100",
            "00:A0:50:C5:76:9A": "-36",
            "00:A0:50:C5:65:25": "-57",
            "00:A0:50:B2:96:61": "-95",
            "00:A0:50:C5:75:5F": "-47"
        }
    },
    "dht": [
        " 30,36,1509462172",
        "30,36,1509462175",
        "30,37,1509462178",
        "30,37,1509462180",
        "29,37,1509462183",
        "29,37,1509462185"
    ],
    "gsm": {
        "scan1": [
            "AT OK",
            "AT+CSMINS? +CSMINS: 0,1  OK",
            "AT+CREG? +CREG: 0,1  OK",
            "AT+CENG=3 OK",
            "AT+COPS=? +COPS: (2,\"IDEA Cellular Limited\",\"IDEA\",\"40422\"),(3,\"AirTel\",\"AirTel\",\"40490\"),(3,\"BPL USWEST (Maharastra)\",\"BPL MO\",\"40427\"),(3,\"405037\",\"405037\",\"405037\"),(3,\"405804\",\"405804\",\"405804\"),,(0-4),(0-2)  OK",
            "AT+CSQ +CSQ: 22,0  OK",
            "AT+CENG? +CENG: 3,0  +CENG: 0,\"404,22,278d,206d,25,43\" +CENG: 1,\"404,22,278d,1507,04,24\" +CENG: 2,\"404,22,278d,3663,46,23\" +CENG: 3,\"404,22,278d,3661,53,18\" +CENG: 4,\"404,22,278d,206e,19,18\" +CENG: 5,\"404,22,278d,3662,46,17\" +CENG: 6,\"404,22,278d,3112,08,16\"  OK"
        ]
    },
    "gps": []
}