{
    "bat": "74.00",
    "timeStamp": "1509462348",
    "devID": "0000000001040921",
    "totalScanTime": 94,
    "wakeCounter": 1138,
    "ble": {
        "scan1": {
            "00:A0:50:C5:76:DE": "-69",
            "00:A0:50:C5:76:95": "-67",
            "00:A0:50:C5:75:53": "-42",
            "00:A0:50:C5:65:0E": "-53",
            "00:A0:50:C5:75:B5": "-44",
            "00:A0:50:C5:75:B4": "-70",
            "00:A0:50:C5:75:74": "-74",
            "00:A0:50:C5:76:86": "-40",
            "00:A0:50:C5:65:1B": "-59",
            "00:A0:50:C5:65:4D": "-44",
            "00:A0:50:C5:65:17": "-72",
            "00:A0:50:C5:65:4A": "-43",
            "00:A0:50:C5:65:11": "-79",
            "00:A0:50:C5:65:4C": "-37",
            "00:A0:50:C5:75:6C": "-72",
            "00:A0:50:C5:75:6B": "-62",
            "00:A0:50:C5:75:6A": "-59",
            "13:0F:5B:98:30:64": "-89",
            "00:A0:50:C5:76:EA": "-88",
            "00:A0:50:C5:75:64": "-64",
            "00:A0:50:B2:96:B2": "-97",
            "00:A0:50:C5:65:1A": "-87",
            "00:A0:50:C5:75:63": "-66",
            "00:A0:50:C5:75:65": "-81",
            "00:A0:50:C5:76:94": "-79",
            "00:A0:50:C5:76:93": "-58",
            "00:A0:50:C5:76:91": "-41",
            "00:A0:50:C5:76:CB": "-98",
            "2A:0A:63:86:D8:2B": "-94",
            "00:A0:50:C5:76:8D": "-69",
            "00:A0:50:C5:76:9A": "-37",
            "00:A0:50:C5:65:25": "-62",
            "10:C0:A7:94:26:DE": "-92",
            "00:A0:50:C5:75:5F": "-45"
        },
        "scan2": {
            "00:A0:50:C5:76:DE": "-66",
            "00:A0:50:C5:75:53": "-46",
            "00:A0:50:C5:65:0E": "-52",
            "00:A0:50:C5:75:B5": "-44",
            "00:A0:50:C5:75:B4": "-71",
            "00:A0:50:C5:75:74": "-79",
            "00:A0:50:C5:76:86": "-41",
            "00:A0:50:C5:65:1B": "-60",
            "00:A0:50:C5:65:4D": "-44",
            "00:A0:50:C5:65:17": "-75",
            "00:A0:50:C5:65:4A": "-42",
            "00:A0:50:B2:96:B2": "-94",
            "00:A0:50:C5:65:4C": "-37",
            "00:A0:50:C5:75:6C": "-73",
            "00:A0:50:C5:76:95": "-59",
            "00:A0:50:C5:76:9A": "-37",
            "13:0F:5B:98:30:64": "-92",
            "00:A0:50:C5:76:EA": "-81",
            "00:A0:50:C5:76:94": "-77",
            "00:A0:50:C5:65:11": "-70",
            "00:A0:50:C5:65:1A": "-87",
            "00:A0:50:C5:76:93": "-57",
            "00:A0:50:C5:75:65": "-69",
            "00:A0:50:C5:75:64": "-70",
            "00:A0:50:C5:75:63": "-63",
            "00:A0:50:C5:76:91": "-43",
            "00:A0:50:C5:76:CB": "-93",
            "10:C0:A7:94:26:DE": "-95",
            "2A:0A:63:86:D8:2B": "-94",
            "00:A0:50:C5:76:8D": "-68",
            "00:A0:50:B2:96:A8": "-94",
            "00:A0:50:C5:75:6B": "-64",
            "00:A0:50:C5:75:6A": "-61",
            "00:A0:50:C5:65:25": "-62",
            "00:A0:50:B2:93:22": "-95",
            "00:A0:50:C5:75:5F": "-45"
        },
        "scan3": {
            "00:A0:50:C5:76:DE": "-68",
            "00:A0:50:C5:75:53": "-42",
            "00:A0:50:C5:65:0E": "-53",
            "00:A0:50:C5:75:B5": "-45",
            "00:A0:50:C5:75:74": "-75",
            "00:A0:50:C5:76:86": "-41",
            "00:A0:50:C5:65:1B": "-57",
            "00:A0:50:C5:65:4D": "-44",
            "00:A0:50:C5:65:17": "-76",
            "00:A0:50:B2:96:B2": "-93",
            "00:A0:50:C5:75:6C": "-72",
            "00:A0:50:C5:75:65": "-76",
            "00:A0:50:C5:75:6A": "-58",
            "13:0F:5B:98:30:64": "-92",
            "00:A0:50:C5:76:EA": "-76",
            "00:A0:50:C5:75:64": "-67",
            "00:A0:50:C5:65:11": "-69",
            "00:A0:50:C5:65:1A": "-93",
            "00:A0:50:C5:75:63": "-67",
            "00:A0:50:C5:76:95": "-60",
            "00:A0:50:C5:76:94": "-76",
            "00:A0:50:C5:76:93": "-63",
            "00:A0:50:C5:76:91": "-44",
            "2A:0A:63:86:D8:2B": "-96",
            "00:A0:50:B2:96:A8": "-93",
            "00:A0:50:C5:75:6B": "-62",
            "00:A0:50:C5:76:9A": "-38",
            "00:A0:50:C5:65:25": "-62",
            "10:C0:A7:94:26:DE": "-92",
            "00:A0:50:C5:75:5F": "-45"
        }
    },
    "dht": [
        " 30,37,1509462325",
        "30,37,1509462327",
        "30,38,1509462330",
        "30,37,1509462333",
        "30,37,1509462335"
    ],
    "gsm": {
        "scan1": [
            "AT OK",
            "AT+CSMINS? +CSMINS: 0,1  OK",
            "AT+CREG? +CREG: 0,1  OK",
            "AT+CENG=3 OK",
            "AT+COPS=? +COPS: (2,\"IDEA Cellular Limited\",\"IDEA\",\"40422\"),(3,\"BPL USWEST (Maharastra)\",\"BPL MO\",\"40427\"),(3,\"AirTel\",\"AirTel\",\"40490\"),(3,\"405804\",\"405804\",\"405804\"),(3,\"405037\",\"405037\",\"405037\"),,(0-4),(0-2)  OK",
            "AT+CSQ +CSQ: 21,0  OK",
            "AT+CENG? +CENG: 3,0  +CENG: 0,\"404,22,278d,206d,25,42\" +CENG: 1,\"404,22,278d,3663,46,23\" +CENG: 2,\"404,22,278d,1507,04,22\" +CENG: 3,\"404,22,278d,206e,19,18\" +CENG: 4,\"404,22,278d,3662,46,16\" +CENG: 5,\",,0000,ffff,53,18\" +CENG: 6,\",,0000,ffff,00,18\"  OK"
        ]
    },
    "gps": []
}