{
    "bat": "74.00",
    "timeStamp": "1509462727",
    "devID": "0000000001040921",
    "totalScanTime": 93,
    "wakeCounter": 1139,
    "ble": {
        "scan1": {
            "00:A0:50:C5:76:DE": "-69",
            "00:A0:50:C5:76:95": "-67",
            "00:A0:50:C5:75:53": "-45",
            "00:A0:50:C5:65:0E": "-53",
            "00:A0:50:C5:75:B5": "-45",
            "00:A0:50:C5:75:B4": "-63",
            "00:A0:50:C5:75:74": "-70",
            "00:A0:50:C5:76:86": "-41",
            "00:A0:50:C5:65:4D": "-49",
            "00:A0:50:C5:65:17": "-74",
            "00:A0:50:C5:65:4A": "-40",
            "00:A0:50:C5:65:11": "-70",
            "00:A0:50:C5:65:4C": "-41",
            "00:A0:50:C5:75:6C": "-72",
            "00:A0:50:C5:75:6B": "-62",
            "00:A0:50:C5:76:9A": "-37",
            "13:0F:5B:98:30:64": "-89",
            "00:A0:50:C5:76:EA": "-91",
            "00:A0:50:C5:75:64": "-66",
            "00:A0:50:C5:65:1B": "-67",
            "00:A0:50:C5:65:1A": "-87",
            "00:A0:50:C5:75:63": "-65",
            "00:A0:50:C5:75:65": "-69",
            "00:A0:50:C5:76:94": "-77",
            "00:A0:50:C5:76:93": "-63",
            "00:A0:50:C5:76:91": "-44",
            "00:A0:50:C5:76:CB": "-86",
            "2A:0A:63:86:D8:2B": "-98",
            "00:A0:50:C5:76:8D": "-78",
            "00:A0:50:B2:96:A8": "-94",
            "00:A0:50:C5:75:6A": "-59",
            "00:A0:50:C5:65:25": "-59",
            "10:C0:A7:94:26:DE": "-97",
            "00:A0:50:C5:75:5F": "-47"
        },
        "scan2": {
            "00:A0:50:C5:76:DE": "-71",
            "00:A0:50:C5:76:95": "-69",
            "00:A0:50:C5:75:53": "-43",
            "00:A0:50:C5:65:0E": "-53",
            "00:A0:50:C5:75:B5": "-45",
            "00:A0:50:C5:75:B4": "-72",
            "00:A0:50:C5:75:74": "-72",
            "00:A0:50:C5:76:86": "-41",
            "00:A0:50:C5:65:4D": "-50",
            "00:A0:50:C5:65:17": "-75",
            "00:A0:50:C5:65:4A": "-45",
            "00:A0:50:C5:65:11": "-69",
            "00:A0:50:C5:65:4C": "-40",
            "00:A0:50:C5:75:6C": "-73",
            "00:A0:50:C5:75:6B": "-62",
            "00:A0:50:C5:75:6A": "-59",
            "13:0F:5B:98:30:64": "-88",
            "00:A0:50:C5:76:EA": "-95",
            "00:A0:50:C5:75:64": "-67",
            "00:A0:50:C5:65:1B": "-67",
            "00:A0:50:C5:65:1A": "-89",
            "00:A0:50:C5:76:93": "-63",
            "00:A0:50:C5:75:65": "-78",
            "00:A0:50:C5:76:94": "-81",
            "00:A0:50:C5:75:63": "-65",
            "00:A0:50:C5:76:91": "-45",
            "00:A0:50:C5:76:CB": "-85",
            "2A:0A:63:86:D8:2B": "-93",
            "00:A0:50:C5:76:8D": "-78",
            "00:A0:50:B2:96:A8": "-91",
            "00:A0:50:C5:76:9A": "-37",
            "00:A0:50:C5:65:25": "-59",
            "10:C0:A7:94:26:DE": "-97",
            "00:A0:50:C5:75:5F": "-47"
        },
        "scan3": {
            "00:A0:50:C5:75:53": "-42",
            "00:A0:50:C5:65:0E": "-52",
            "00:A0:50:C5:75:B5": "-46",
            "00:A0:50:C5:75:B4": "-67",
            "00:A0:50:C5:75:74": "-71",
            "00:A0:50:C5:76:86": "-41",
            "00:A0:50:C5:65:4D": "-49",
            "00:A0:50:C5:65:17": "-75",
            "00:A0:50:C5:65:4A": "-41",
            "00:A0:50:C5:65:11": "-74",
            "00:A0:50:C5:65:4C": "-40",
            "00:A0:50:C5:75:6C": "-73",
            "00:A0:50:C5:75:65": "-78",
            "00:A0:50:C5:76:9A": "-38",
            "13:0F:5B:98:30:64": "-87",
            "00:A0:50:C5:76:EA": "-76",
            "00:A0:50:C5:76:94": "-77",
            "00:A0:50:C5:75:63": "-67",
            "00:A0:50:C5:76:95": "-66",
            "00:A0:50:C5:75:64": "-67",
            "00:A0:50:C5:76:93": "-62",
            "6C:C1:CB:D1:20:5C": "-98",
            "00:A0:50:C5:76:CB": "-88",
            "00:A0:50:C5:76:91": "-44",
            "2A:0A:63:86:D8:2B": "-95",
            "00:A0:50:C5:76:8D": "-69",
            "00:A0:50:B2:96:A8": "-93",
            "00:A0:50:C5:75:6B": "-62",
            "00:A0:50:C5:75:6A": "-60",
            "00:A0:50:C5:65:25": "-59",
            "10:C0:A7:94:26:DE": "-95",
            "00:A0:50:C5:75:5F": "-49"
        }
    },
    "dht": [
        " 30,37,1509462467",
        "30,37,1509462707",
        "30,37,1509462709",
        "30,37,1509462712",
        "30,37,1509462714"
    ],
    "gsm": {
        "scan1": [
            "AT OK",
            "AT+CSMINS? +CSMINS: 0,1  OK",
            "AT+CREG? +CREG: 0,1  OK",
            "AT+CENG=3 OK",
            "AT+COPS=? +COPS: (2,\"IDEA Cellular Limited\",\"IDEA\",\"40422\"),(3,\"BPL USWEST (Maharastra)\",\"BPL MO\",\"40427\"),(3,\"AirTel\",\"AirTel\",\"40490\"),(3,\"405804\",\"405804\",\"405804\"),(3,\"405037\",\"405037\",\"405037\"),,(0-4),(0-2)  OK",
            "AT+CSQ +CSQ: 23,0  OK",
            "AT+CENG? +CENG: 3,0  +CENG: 0,\"404,22,278d,206d,25,46\" +CENG: 1,\"404,22,278d,3663,46,24\" +CENG: 2,\"404,22,278d,1507,04,23\" +CENG: 3,\"404,22,278d,206e,19,20\" +CENG: 4,\"404,22,278d,3662,46,18\" +CENG: 5,\"404,22,278d,3661,53,17\" +CENG: 6,\"404,22,278d,3112,08,15\"  OK"
        ]
    },
    "gps": []
}