{
    "bat": "74.00",
    "timeStamp": "1509462865",
    "devID": "0000000001040921",
    "totalScanTime": 93,
    "wakeCounter": 1140,
    "ble": {
        "scan1": {
            "00:A0:50:C5:76:DE": "-66",
            "00:A0:50:C5:76:95": "-55",
            "00:A0:50:C5:75:53": "-47",
            "00:A0:50:C5:65:0E": "-51",
            "00:A0:50:C5:75:B5": "-47",
            "00:A0:50:C5:75:B4": "-69",
            "00:A0:50:B2:96:EC": "-94",
            "00:A0:50:B2:94:F1": "-92",
            "00:A0:50:C5:75:74": "-61",
            "00:A0:50:C5:76:86": "-39",
            "00:A0:50:C5:76:9A": "-36",
            "00:A0:50:B2:96:AC": "-95",
            "00:A0:50:C5:65:1B": "-62",
            "70:D5:16:9D:9C:56": "-94",
            "00:A0:50:C5:65:4D": "-52",
            "00:A0:50:C5:65:17": "-74",
            "00:A0:50:C5:65:4A": "-42",
            "00:A0:50:C5:65:11": "-66",
            "00:A0:50:C5:65:4C": "-38",
            "00:A0:50:C5:75:6C": "-47",
            "00:A0:50:C5:75:6B": "-55",
            "25:74:14:B2:94:1B": "-85",
            "00:A0:50:C5:76:EA": "-72",
            "00:A0:50:C5:75:64": "-61",
            "20:19:15:27:48:91": "-92",
            "00:A0:50:C5:65:1A": "-81",
            "00:A0:50:B3:77:DB": "-96",
            "00:A0:50:C5:75:63": "-62",
            "00:A0:50:C5:75:65": "-66",
            "00:A0:50:C5:76:94": "-78",
            "00:A0:50:C5:76:93": "-67",
            "00:A0:50:C5:76:91": "-41",
            "00:A0:50:C5:76:CB": "-70",
            "00:A0:50:B2:96:DD": "-94",
            "00:A0:50:C5:76:8D": "-52",
            "00:A0:50:B2:96:A8": "-93",
            "00:A0:50:C5:75:6A": "-57",
            "00:A0:50:C5:65:25": "-46",
            "00:A0:50:B2:93:22": "-97",
            "00:A0:50:C5:75:5F": "-48"
        },
        "scan2": {
            "00:A0:50:C5:76:DE": "-66",
            "00:A0:50:C5:75:53": "-43",
            "00:A0:50:C5:65:0E": "-52",
            "00:A0:50:C5:75:B5": "-48",
            "00:A0:50:C5:75:B4": "-68",
            "00:A0:50:B2:94:F1": "-93",
            "00:A0:50:C5:75:74": "-59",
            "00:A0:50:C5:76:86": "-38",
            "25:74:14:B2:94:1B": "-95",
            "70:D5:16:9D:9C:56": "-69",
            "00:A0:50:C5:65:4D": "-55",
            "00:A0:50:C5:65:17": "-73",
            "00:A0:50:C5:65:4A": "-42",
            "00:A0:50:C5:65:11": "-66",
            "00:A0:50:C5:65:4C": "-39",
            "20:19:15:27:48:91": "-92",
            "00:A0:50:C5:75:6C": "-53",
            "00:A0:50:C5:75:6B": "-55",
            "00:A0:50:C5:75:6A": "-61",
            "00:A0:50:C5:76:EA": "-81",
            "00:A0:50:C5:75:64": "-58",
            "00:A0:50:C5:65:1B": "-63",
            "00:A0:50:C5:65:1A": "-80",
            "00:A0:50:C5:76:93": "-65",
            "00:A0:50:C5:76:95": "-56",
            "00:A0:50:C5:76:94": "-78",
            "00:A0:50:C5:75:63": "-62",
            "00:A0:50:C5:76:91": "-40",
            "00:A0:50:C5:76:CB": "-70",
            "00:A0:50:B2:96:DD": "-98",
            "00:A0:50:C5:76:8D": "-51",
            "00:A0:50:B2:96:A8": "-95",
            "00:A0:50:B2:96:A4": "-97",
            "00:A0:50:C5:76:9A": "-36",
            "00:A0:50:C5:65:25": "-46",
            "00:A0:50:C5:75:5F": "-50"
        },
        "scan3": {
            "00:A0:50:C5:76:DE": "-66",
            "00:A0:50:C5:76:95": "-57",
            "00:A0:50:C5:75:53": "-44",
            "00:A0:50:C5:65:0E": "-51",
            "00:A0:50:C5:75:B5": "-47",
            "00:A0:50:C5:75:B4": "-78",
            "00:A0:50:B2:94:F1": "-97",
            "00:A0:50:C5:75:74": "-60",
            "00:A0:50:C5:76:86": "-39",
            "00:A0:50:B2:96:AC": "-100",
            "00:A0:50:C5:65:1B": "-62",
            "70:D5:16:9D:9C:56": "-92",
            "00:A0:50:C5:65:4D": "-54",
            "00:A0:50:C5:65:17": "-72",
            "25:74:14:B2:94:1B": "-85",
            "00:A0:50:C5:65:11": "-65",
            "00:A0:50:C5:65:4C": "-40",
            "00:A0:50:C5:75:6C": "-53",
            "00:A0:50:C5:75:6B": "-55",
            "00:A0:50:C5:76:9A": "-35",
            "00:A0:50:C5:65:4A": "-39",
            "00:A0:50:C5:76:EA": "-81",
            "00:A0:50:C5:75:64": "-58",
            "20:19:15:27:48:91": "-92",
            "00:A0:50:C5:65:1A": "-77",
            "00:A0:50:C5:75:63": "-58",
            "00:A0:50:C5:75:65": "-74",
            "00:A0:50:C5:76:94": "-75",
            "00:A0:50:C5:76:93": "-66",
            "00:A0:50:C5:76:91": "-40",
            "00:A0:50:C5:76:CB": "-68",
            "00:A0:50:C5:76:8D": "-51",
            "00:A0:50:B2:96:A8": "-93",
            "00:A0:50:B2:96:A4": "-95",
            "00:A0:50:C5:75:6A": "-65",
            "00:A0:50:C5:65:25": "-44",
            "00:A0:50:C5:75:5F": "-50"
        }
    },
    "dht": [
        " 30,37,1509462842",
        "30,37,1509462844",
        "30,36,1509462847",
        "30,37,1509462849",
        "30,36,1509462852"
    ],
    "gsm": {
        "scan1": [
            "AT OK",
            "AT+CSMINS? +CSMINS: 0,1  OK",
            "AT+CREG? +CREG: 0,1  OK",
            "AT+CENG=3 OK",
            "AT+COPS=? +COPS: (2,\"IDEA Cellular Limited\",\"IDEA\",\"40422\"),(3,\"AirTel\",\"AirTel\",\"40490\"),(3,\"BPL USWEST (Maharastra)\",\"BPL MO\",\"40427\"),(1,\"Maharashtra\",\"CellOne\",\"40466\"),(3,\"405804\",\"405804\",\"405804\"),(3,\"405037\",\"405037\",\"405037\"),,(0-4),(0-2)  OK",
            "AT+CSQ +CSQ: 20,0  OK",
            "AT+CENG? +CENG: 3,0  +CENG: 0,\"404,22,278d,206d,25,40\" +CENG: 1,\"404,22,278d,3663,46,28\" +CENG: 2,\"404,22,278d,3661,53,26\" +CENG: 3,\"404,22,278d,3662,46,18\" +CENG: 4,\"404,22,278d,206e,19,18\" +CENG: 5,\"404,22,278d,3112,08,17\" +CENG: 6,\",,0000,ffff,00,17\"  OK"
        ]
    },
    "gps": []
}