{
    "bat": "74.00",
    "timeStamp": "1509463001",
    "devID": "0000000001040921",
    "totalScanTime": 93,
    "wakeCounter": 1141,
    "ble": {
        "scan1": {
            "00:A0:50:C5:76:95": "-56",
            "00:A0:50:C5:75:53": "-44",
            "00:A0:50:C5:65:0E": "-52",
            "00:A0:50:C5:75:B5": "-48",
            "00:A0:50:C5:75:B4": "-68",
            "00:A0:50:B2:94:F1": "-93",
            "00:A0:50:C5:75:74": "-61",
            "00:A0:50:C5:76:86": "-38",
            "25:74:14:B2:94:1B": "-91",
            "00:A0:50:C5:65:1B": "-65",
            "00:A0:50:C5:65:4D": "-51",
            "00:A0:50:C5:65:17": "-74",
            "00:A0:50:C5:65:4A": "-42",
            "00:A0:50:C5:65:11": "-61",
            "00:A0:50:C5:65:4C": "-38",
            "00:A0:50:C5:75:6C": "-48",
            "00:A0:50:C5:75:6B": "-55",
            "00:A0:50:C5:75:6A": "-62",
            "00:A0:50:C5:76:EA": "-74",
            "00:A0:50:C5:75:64": "-60",
            "20:19:15:27:48:91": "-92",
            "00:A0:50:C5:65:1A": "-77",
            "00:A0:50:C5:75:63": "-61",
            "00:A0:50:C5:75:65": "-67",
            "00:A0:50:C5:76:94": "-74",
            "00:A0:50:C5:76:93": "-66",
            "00:A0:50:C5:76:91": "-45",
            "00:A0:50:C5:76:CB": "-71",
            "00:A0:50:C5:76:8D": "-51",
            "00:A0:50:B2:96:A8": "-96",
            "00:A0:50:C5:76:9A": "-36",
            "00:A0:50:C5:65:25": "-45",
            "00:A0:50:B2:93:22": "-95",
            "00:A0:50:C5:75:5F": "-48"
        },
        "scan2": {
            "00:A0:50:C5:76:DE": "-66",
            "00:A0:50:C5:76:95": "-56",
            "00:A0:50:C5:75:53": "-43",
            "00:A0:50:C5:65:0E": "-51",
            "00:A0:50:C5:75:B5": "-47",
            "00:A0:50:C5:75:B4": "-76",
            "00:A0:50:B2:94:F1": "-93",
            "00:A0:50:C5:75:74": "-59",
            "00:A0:50:C5:76:86": "-39",
            "00:A0:50:C5:76:9A": "-36",
            "00:A0:50:B2:96:AC": "-96",
            "00:A0:50:C5:65:1B": "-65",
            "00:A0:50:C5:65:4D": "-54",
            "00:A0:50:C5:65:17": "-74",
            "00:A0:50:C5:65:4A": "-39",
            "00:A0:50:C5:65:11": "-66",
            "00:A0:50:C5:65:4C": "-39",
            "00:A0:50:C5:75:6C": "-51",
            "00:A0:50:C5:75:6B": "-54",
            "25:74:14:B2:94:1B": "-88",
            "00:A0:50:C5:76:EA": "-77",
            "00:A0:50:C5:75:64": "-57",
            "20:19:15:27:48:91": "-90",
            "00:A0:50:C5:65:1A": "-80",
            "00:A0:50:C5:76:93": "-64",
            "00:A0:50:C5:75:65": "-66",
            "00:A0:50:C5:76:94": "-77",
            "00:A0:50:C5:75:63": "-61",
            "00:A0:50:C5:76:91": "-40",
            "00:A0:50:C5:76:CB": "-67",
            "00:A0:50:B3:77:09": "-97",
            "00:A0:50:C5:76:8D": "-48",
            "00:A0:50:B2:96:A8": "-93",
            "00:A0:50:C5:75:6A": "-65",
            "00:A0:50:C5:65:25": "-46",
            "00:A0:50:B2:93:22": "-97",
            "00:A0:50:C5:75:5F": "-51"
        },
        "scan3": {
            "00:A0:50:C5:65:0E": "-52",
            "00:A0:50:C5:75:B5": "-48",
            "00:A0:50:C5:75:B4": "-68",
            "00:A0:50:B2:94:F1": "-93",
            "00:A0:50:C5:75:74": "-61",
            "00:A0:50:C5:76:86": "-37",
            "25:74:14:B2:94:1B": "-85",
            "00:A0:50:C5:65:4D": "-52",
            "00:A0:50:C5:65:17": "-74",
            "00:A0:50:C5:65:4A": "-42",
            "20:19:15:27:48:91": "-91",
            "00:A0:50:C5:65:4C": "-38",
            "00:A0:50:C5:75:65": "-65",
            "00:A0:50:C5:75:6A": "-62",
            "00:A0:50:C5:76:EA": "-77",
            "00:A0:50:C5:76:94": "-83",
            "00:A0:50:C5:65:11": "-62",
            "00:A0:50:C5:65:1A": "-79",
            "00:A0:50:C5:76:93": "-66",
            "00:A0:50:C5:76:95": "-55",
            "00:A0:50:C5:75:64": "-60",
            "00:A0:50:C5:75:63": "-61",
            "00:A0:50:C5:76:CB": "-71",
            "00:A0:50:B2:96:DD": "-94",
            "00:A0:50:C5:76:8D": "-51",
            "00:A0:50:B2:96:A8": "-93",
            "00:A0:50:B2:96:A4": "-95",
            "00:A0:50:C5:75:6B": "-56",
            "00:A0:50:C5:76:9A": "-35",
            "00:A0:50:C5:65:25": "-44",
            "00:A0:50:B2:93:22": "-94",
            "00:A0:50:C5:75:5F": "-50"
        }
    },
    "dht": [
        " 30,35,1509462978",
        "30,34,1509462980",
        "30,34,1509462983",
        "30,34,1509462986",
        "30,34,1509462988"
    ],
    "gsm": {
        "scan1": [
            "AT OK",
            "AT+CSMINS? +CSMINS: 0,1  OK",
            "AT+CREG? +CREG: 0,1  OK",
            "AT+CENG=3 OK",
            "AT+COPS=? +COPS: (2,\"IDEA Cellular Limited\",\"IDEA\",\"40422\"),(3,\"AirTel\",\"AirTel\",\"40490\"),(3,\"BPL USWEST (Maharastra)\",\"BPL MO\",\"40427\"),(1,\"Maharashtra\",\"CellOne\",\"40466\"),(3,\"405804\",\"405804\",\"405804\"),(3,\"405037\",\"405037\",\"405037\"),,(0-4),(0-2)  OK",
            "AT+CSQ +CSQ: 17,0  OK",
            "AT+CENG? +CENG: 3,0  +CENG: 0,\"404,22,278d,206d,25,33\" +CENG: 1,\"404,22,278d,3661,53,26\" +CENG: 2,\"404,22,278d,3663,46,26\" +CENG: 3,\"404,22,278d,3112,08,19\" +CENG: 4,\"404,22,278d,3662,46,19\" +CENG: 5,\"404,22,278d,206e,19,12\" +CENG: 6,\",,0000,ffff,29,12\"  OK"
        ]
    },
    "gps": []
}