{
    "bat": "74.00",
    "timeStamp": "1509463425",
    "devID": "0000000001040921",
    "totalScanTime": 94,
    "wakeCounter": 1142,
    "ble": {
        "scan1": {
            "00:A0:50:C5:76:DE": "-74",
            "00:A0:50:C5:76:95": "-57",
            "00:A0:50:C5:75:53": "-49",
            "00:A0:50:C5:65:0E": "-48",
            "00:A0:50:C5:75:B5": "-48",
            "00:A0:50:C5:75:B4": "-69",
            "00:A0:50:B2:94:F1": "-94",
            "00:A0:50:C5:75:74": "-66",
            "00:A0:50:C5:76:86": "-39",
            "25:74:14:B2:94:1B": "-89",
            "00:A0:50:C5:65:4D": "-76",
            "00:A0:50:C5:65:17": "-72",
            "00:A0:50:B2:96:AC": "-97",
            "00:A0:50:C5:65:11": "-74",
            "00:A0:50:C5:65:4C": "-38",
            "00:A0:50:C5:75:6C": "-84",
            "00:A0:50:C5:75:6B": "-78",
            "00:A0:50:C5:76:9A": "-35",
            "00:A0:50:C5:65:4A": "-42",
            "00:A0:50:C5:76:EA": "-81",
            "00:A0:50:C5:75:64": "-81",
            "00:A0:50:C5:65:1B": "-77",
            "00:A0:50:C5:65:1A": "-83",
            "00:A0:50:B2:96:B2": "-92",
            "00:A0:50:C5:75:63": "-72",
            "00:A0:50:C5:75:65": "-74",
            "00:A0:50:C5:76:94": "-80",
            "00:A0:50:C5:76:93": "-81",
            "00:A0:50:C5:76:91": "-42",
            "00:A0:50:C5:76:CB": "-78",
            "00:A0:50:B3:77:09": "-99",
            "00:A0:50:C5:76:8D": "-72",
            "00:A0:50:B2:96:A8": "-95",
            "00:A0:50:C5:65:25": "-83",
            "00:A0:50:C5:75:6A": "-72",
            "20:19:15:27:48:91": "-96",
            "00:A0:50:B2:93:22": "-96",
            "00:A0:50:C5:75:5F": "-52"
        },
        "scan2": {
            "00:A0:50:C5:76:DE": "-74",
            "00:A0:50:C5:65:11": "-74",
            "00:A0:50:C5:76:95": "-60",
            "00:A0:50:C5:75:53": "-43",
            "00:A0:50:C5:65:0E": "-50",
            "00:A0:50:C5:75:B5": "-48",
            "00:A0:50:C5:75:B4": "-66",
            "00:A0:50:B2:94:F1": "-95",
            "00:A0:50:C5:75:74": "-66",
            "00:A0:50:C5:76:86": "-37",
            "25:74:14:B2:94:1B": "-90",
            "00:A0:50:C5:65:4D": "-75",
            "00:A0:50:C5:65:17": "-70",
            "00:A0:50:C5:65:4A": "-40",
            "00:A0:50:B2:96:B2": "-97",
            "00:A0:50:C5:65:4C": "-37",
            "20:19:15:27:48:91": "-92",
            "00:A0:50:C5:75:6C": "-83",
            "00:A0:50:C5:75:6B": "-85",
            "00:A0:50:C5:76:9A": "-35",
            "00:A0:50:C5:76:EA": "-73",
            "00:A0:50:C5:75:64": "-76",
            "00:A0:50:C5:65:1B": "-71",
            "00:A0:50:C5:65:1A": "-85",
            "00:A0:50:C5:76:93": "-82",
            "00:A0:50:C5:75:65": "-71",
            "00:A0:50:C5:76:94": "-92",
            "00:A0:50:C5:75:63": "-68",
            "00:A0:50:C5:76:91": "-41",
            "00:A0:50:C5:76:CB": "-78",
            "00:A0:50:B2:96:AC": "-95",
            "00:A0:50:C5:76:8D": "-72",
            "00:A0:50:B2:96:A8": "-93",
            "00:A0:50:B2:96:A4": "-88",
            "00:A0:50:C5:75:6A": "-72",
            "00:A0:50:C5:65:25": "-73",
            "00:A0:50:C5:75:5F": "-51"
        },
        "scan3": {
            "00:A0:50:C5:76:DE": "-70",
            "00:A0:50:C5:76:95": "-59",
            "00:A0:50:C5:75:53": "-47",
            "00:A0:50:C5:65:0E": "-50",
            "00:A0:50:C5:75:B5": "-48",
            "00:A0:50:C5:75:B4": "-69",
            "00:A0:50:B2:96:EC": "-94",
            "00:A0:50:B2:94:F1": "-92",
            "00:A0:50:C5:75:74": "-64",
            "00:A0:50:C5:76:86": "-37",
            "25:74:14:B2:94:1B": "-93",
            "00:A0:50:C5:65:1B": "-72",
            "00:A0:50:C5:65:4D": "-72",
            "00:A0:50:C5:65:17": "-70",
            "00:A0:50:B2:96:AC": "-92",
            "00:A0:50:C5:65:11": "-77",
            "00:A0:50:C5:65:4C": "-38",
            "00:A0:50:C5:75:6C": "-82",
            "00:A0:50:C5:75:6B": "-83",
            "00:A0:50:C5:76:9A": "-36",
            "00:A0:50:C5:65:4A": "-42",
            "00:A0:50:C5:76:EA": "-81",
            "00:A0:50:C5:75:64": "-88",
            "20:19:15:27:48:91": "-92",
            "00:A0:50:B2:96:B2": "-94",
            "00:A0:50:C5:75:63": "-72",
            "00:A0:50:C5:75:65": "-73",
            "00:A0:50:C5:76:94": "-84",
            "00:A0:50:C5:76:93": "-81",
            "00:A0:50:C5:76:91": "-44",
            "00:A0:50:C5:76:CB": "-76",
            "00:A0:50:B2:96:DD": "invalid",
            "00:A0:50:B2:96:61": "-96",
            "00:A0:50:C5:76:8D": "-76",
            "00:A0:50:B2:96:A8": "-93",
            "00:A0:50:B2:96:A4": "-93",
            "00:A0:50:C5:75:6A": "-76",
            "00:A0:50:C5:65:25": "-82",
            "00:A0:50:B2:93:22": "-95",
            "00:A0:50:C5:75:5F": "-51"
        }
    },
    "dht": [
        " 31,34,1509463400",
        "31,34,1509463402",
        "31,34,1509463405",
        "31,34,1509463407",
        "31,34,1509463410",
        "31,34,1509463412"
    ],
    "gsm": {
        "scan1": [
            "AT OK",
            "AT+CSMINS? +CSMINS: 0,1  OK",
            "AT+CREG? +CREG: 0,1  OK",
            "AT+CENG=3 OK",
            "AT+COPS=? +COPS: (2,\"IDEA Cellular Limited\",\"IDEA\",\"40422\"),(3,\"BPL USWEST (Maharastra)\",\"BPL MO\",\"40427\"),(3,\"AirTel\",\"AirTel\",\"40490\"),(1,\"Maharashtra\",\"CellOne\",\"40466\"),(3,\"405037\",\"405037\",\"405037\"),,(0-4),(0-2)  OK",
            "AT+CSQ +CSQ: 22,0  OK",
            "AT+CENG? +CENG: 3,0  +CENG: 0,\"404,22,278d,206d,25,44\" +CENG: 1,\"404,22,278d,206e,19,22\" +CENG: 2,\"404,22,278d,3661,53,21\" +CENG: 3,\"404,22,278d,3112,08,21\" +CENG: 4,\"404,22,278d,3663,46,21\" +CENG: 5,\"404,22,278d,3662,46,18\" +CENG: 6,\",,0000,ffff,00,19\"  OK"
        ]
    },
    "gps": []
}