{
    "bat": "74.00",
    "timeStamp": "1509463560",
    "devID": "0000000001040921",
    "totalScanTime": 94,
    "wakeCounter": 1143,
    "ble": {
        "scan1": {
            "00:A0:50:C5:76:DE": "-77",
            "00:A0:50:C5:75:53": "-47",
            "00:A0:50:C5:65:0E": "-51",
            "00:A0:50:C5:75:B5": "-44",
            "00:A0:50:C5:75:B4": "-71",
            "00:A0:50:B2:96:EA": "-96",
            "00:A0:50:B2:96:EC": "-99",
            "00:A0:50:B2:94:F1": "-95",
            "00:A0:50:C5:75:74": "-65",
            "00:A0:50:C5:76:86": "-39",
            "25:74:14:B2:94:1B": "-86",
            "00:A0:50:C5:65:1B": "-72",
            "00:A0:50:C5:65:4D": "-73",
            "00:A0:50:C5:65:17": "-72",
            "00:A0:50:B2:96:AC": "-92",
            "00:A0:50:C5:65:11": "-76",
            "00:A0:50:C5:65:4C": "-39",
            "00:A0:50:C5:75:6C": "-81",
            "00:A0:50:C5:76:95": "-57",
            "00:A0:50:C5:75:6A": "-72",
            "00:A0:50:C5:65:4A": "-42",
            "00:A0:50:C5:76:EA": "-81",
            "00:A0:50:C5:76:94": "-78",
            "20:19:15:27:48:91": "-88",
            "00:A0:50:C5:65:1A": "-84",
            "00:A0:50:C5:75:63": "-72",
            "00:A0:50:C5:75:65": "-72",
            "00:A0:50:C5:75:64": "-73",
            "00:A0:50:C5:76:93": "-81",
            "00:A0:50:C5:76:91": "-43",
            "00:A0:50:C5:76:CB": "-79",
            "00:A0:50:B2:96:DD": "-95",
            "00:A0:50:B2:93:5F": "-96",
            "00:A0:50:B3:77:09": "-92",
            "00:A0:50:C5:76:8D": "-73",
            "00:A0:50:B2:96:A8": "-89",
            "00:A0:50:B2:96:A4": "-97",
            "00:A0:50:C5:75:6B": "-76",
            "00:A0:50:C5:76:9A": "-35",
            "00:A0:50:C5:65:25": "-72",
            "00:A0:50:B2:93:22": "-93",
            "00:A0:50:C5:75:5F": "-47"
        },
        "scan2": {
            "00:A0:50:C5:76:DE": "-77",
            "00:A0:50:C5:76:95": "-57",
            "00:A0:50:C5:75:53": "-43",
            "00:A0:50:C5:65:0E": "-50",
            "00:A0:50:C5:75:B5": "-48",
            "00:A0:50:C5:75:B4": "-64",
            "00:A0:50:B2:96:EC": "-93",
            "00:A0:50:B2:94:F1": "-91",
            "00:A0:50:C5:75:74": "-64",
            "00:A0:50:C5:76:86": "-38",
            "00:A0:50:C5:76:9A": "-35",
            "25:74:14:B2:94:1B": "-91",
            "00:A0:50:C5:65:4D": "-74",
            "00:A0:50:C5:65:17": "-72",
            "00:A0:50:C5:65:4A": "-41",
            "00:A0:50:C5:65:11": "-76",
            "00:A0:50:C5:65:4C": "-38",
            "00:A0:50:C5:75:6C": "-78",
            "00:A0:50:C5:75:6B": "-73",
            "00:A0:50:B2:96:AC": "-90",
            "00:A0:50:C5:76:EA": "-78",
            "00:A0:50:C5:75:64": "-64",
            "00:A0:50:C5:65:1B": "-68",
            "00:A0:50:C5:65:1A": "-87",
            "00:A0:50:C5:76:93": "-80",
            "00:A0:50:C5:75:65": "-70",
            "00:A0:50:C5:76:94": "-81",
            "00:A0:50:C5:75:63": "-67",
            "00:A0:50:C5:76:91": "-43",
            "00:A0:50:C5:76:CB": "-76",
            "00:A0:50:B2:96:DD": "-94",
            "00:A0:50:B3:77:09": "-96",
            "00:A0:50:B2:96:E3": "-97",
            "00:A0:50:C5:76:8D": "-73",
            "00:A0:50:B2:96:A8": "-91",
            "00:A0:50:B2:96:9C": "-94",
            "00:A0:50:B2:96:A4": "-94",
            "00:A0:50:C5:65:25": "-72",
            "00:A0:50:C5:75:6A": "-72",
            "20:19:15:27:48:91": "-91",
            "00:A0:50:B2:93:22": "-94",
            "00:A0:50:C5:75:5F": "-51"
        },
        "scan3": {
            "00:A0:50:C5:76:DE": "-74",
            "00:A0:50:C5:75:53": "-44",
            "00:A0:50:C5:65:0E": "-49",
            "00:A0:50:C5:75:B5": "-48",
            "00:A0:50:C5:75:B4": "-64",
            "00:A0:50:B2:96:EC": "-94",
            "00:A0:50:B2:94:F1": "-93",
            "00:A0:50:C5:75:74": "-69",
            "00:A0:50:C5:76:86": "-38",
            "25:74:14:B2:94:1B": "-88",
            "00:A0:50:C5:65:1B": "-72",
            "00:A0:50:C5:65:4D": "-68",
            "00:A0:50:C5:65:17": "-71",
            "00:A0:50:B2:96:AC": "-94",
            "00:A0:50:C5:65:11": "-80",
            "00:A0:50:C5:65:4C": "-36",
            "00:A0:50:C5:75:6C": "-75",
            "00:A0:50:C5:76:95": "-59",
            "00:A0:50:C5:76:9A": "-36",
            "00:A0:50:C5:65:4A": "-40",
            "00:A0:50:C5:76:EA": "-78",
            "00:A0:50:C5:76:94": "-79",
            "20:19:15:27:48:91": "-94",
            "00:A0:50:C5:65:1A": "-77",
            "00:A0:50:C5:75:63": "-63",
            "00:A0:50:C5:75:65": "-73",
            "00:A0:50:C5:75:64": "-74",
            "00:A0:50:C5:76:93": "-76",
            "00:A0:50:C5:76:91": "-44",
            "00:A0:50:C5:76:CB": "-77",
            "00:A0:50:B2:96:DD": "-95",
            "00:A0:50:B3:77:09": "invalid",
            "00:A0:50:B2:96:E3": "-96",
            "00:A0:50:C5:76:8D": "-82",
            "00:A0:50:B2:96:A8": "-89",
            "00:A0:50:B2:96:A4": "-92",
            "00:A0:50:C5:75:6B": "-71",
            "00:A0:50:C5:75:6A": "-65",
            "00:A0:50:C5:65:25": "-75",
            "00:A0:50:B2:93:22": "-91",
            "00:A0:50:C5:75:5F": "-52"
        }
    },
    "dht": [
        " 31,34,1509463539",
        "31,34,1509463542",
        "31,34,1509463544",
        "31,34,1509463547"
    ],
    "gsm": {
        "scan1": [
            "AT OK",
            "AT+CSMINS? +CSMINS: 0,1  OK",
            "AT+CREG? +CREG: 0,1  OK",
            "AT+CENG=3 OK",
            "AT+COPS=? +COPS: (2,\"IDEA Cellular Limited\",\"IDEA\",\"40422\"),(3,\"AirTel\",\"AirTel\",\"40490\"),(3,\"BPL USWEST (Maharastra)\",\"BPL MO\",\"40427\"),(3,\"405804\",\"405804\",\"405804\"),(1,\"Maharashtra\",\"CellOne\",\"40466\"),(3,\"405037\",\"405037\",\"405037\"),,(0-4),(0-2)  OK",
            "AT+CSQ +CSQ: 22,0  OK",
            "AT+CENG? +CENG: 3,0  +CENG: 0,\"404,22,278d,206d,25,44\" +CENG: 1,\"404,22,278d,3663,46,26\" +CENG: 2,\"404,22,278d,3661,53,25\" +CENG: 3,\"404,22,278d,3112,08,23\" +CENG: 4,\"404,22,278d,3662,46,19\" +CENG: 5,\"404,22,278d,206e,19,19\" +CENG: 6,\"404,22,278d,1506,46,12\"  OK"
        ]
    },
    "gps": []
}