{
    "bat": "74.00",
    "timeStamp": "1509464152",
    "devID": "0000000001040921",
    "totalScanTime": 95,
    "wakeCounter": 1144,
    "ble": {
        "scan1": {
            "00:A0:50:C5:76:DE": "-68",
            "00:A0:50:C5:76:95": "-33",
            "00:A0:50:C5:75:53": "-45",
            "00:A0:50:C5:65:0E": "-43",
            "00:A0:50:C5:75:B5": "-38",
            "00:A0:50:C5:75:B4": "-55",
            "00:A0:50:C5:75:74": "-73",
            "00:A0:50:C5:76:86": "-38",
            "2D:C7:8D:18:19:0A": "-95",
            "00:A0:50:C5:65:4D": "-62",
            "00:A0:50:C5:65:17": "-64",
            "65:C0:FB:80:37:69": "-97",
            "00:A0:50:C5:65:4A": "-39",
            "00:A0:50:C5:65:11": "-48",
            "00:A0:50:C5:65:4C": "-40",
            "00:A0:50:C5:75:6C": "-59",
            "00:A0:50:C5:75:6B": "-53",
            "00:A0:50:C5:75:6A": "-57",
            "00:A0:50:C5:76:EA": "-69",
            "00:A0:50:C5:75:64": "-66",
            "00:A0:50:C5:65:1B": "-57",
            "00:A0:50:C5:65:1A": "-78",
            "00:A0:50:C5:76:93": "-76",
            "00:A0:50:C5:75:65": "-53",
            "00:A0:50:C5:76:94": "-57",
            "00:A0:50:C5:75:63": "-52",
            "00:A0:50:C5:76:91": "-37",
            "00:A0:50:C5:76:CB": "-69",
            "00:A0:50:C5:76:8D": "-57",
            "00:A0:50:C5:76:9A": "-51",
            "00:A0:50:C5:65:25": "-46",
            "00:A0:50:C5:75:5F": "-40"
        },
        "scan2": {
            "00:A0:50:C5:76:DE": "-52",
            "00:A0:50:C5:76:95": "-33",
            "00:A0:50:C5:75:53": "-53",
            "00:A0:50:C5:65:0E": "-41",
            "00:A0:50:C5:75:B5": "-38",
            "00:A0:50:C5:75:B4": "-55",
            "00:A0:50:C5:75:74": "-58",
            "00:A0:50:C5:76:86": "-47",
            "2D:C7:8D:18:19:0A": "-99",
            "00:A0:50:C5:65:17": "-64",
            "00:A0:50:C5:65:4D": "-42",
            "65:C0:FB:80:37:69": "-95",
            "00:A0:50:C5:65:4A": "-39",
            "00:A0:50:C5:65:11": "-62",
            "00:A0:50:C5:65:4C": "-40",
            "00:A0:50:C5:75:6C": "-55",
            "00:A0:50:C5:75:6B": "-61",
            "00:A0:50:C5:75:6A": "-63",
            "00:A0:50:C5:76:EA": "-68",
            "00:A0:50:C5:76:94": "-58",
            "00:A0:50:C5:65:1B": "-53",
            "00:A0:50:C5:65:1A": "-65",
            "00:A0:50:C5:76:93": "-54",
            "00:A0:50:C5:75:65": "-60",
            "00:A0:50:C5:75:64": "-66",
            "00:A0:50:C5:75:63": "-52",
            "00:A0:50:C5:76:91": "-39",
            "00:A0:50:C5:76:CB": "-61",
            "00:A0:50:C5:76:8D": "-64",
            "00:A0:50:C5:76:9A": "-45",
            "00:A0:50:C5:65:25": "-68",
            "00:A0:50:C5:75:5F": "-38"
        },
        "scan3": {
            "00:A0:50:C5:76:DE": "-52",
            "00:A0:50:C5:76:95": "-33",
            "00:A0:50:C5:75:53": "-53",
            "00:A0:50:C5:65:0E": "-41",
            "00:A0:50:C5:75:B5": "-38",
            "00:A0:50:C5:75:B4": "-55",
            "00:A0:50:C5:75:74": "-73",
            "00:A0:50:C5:76:86": "-37",
            "2D:C7:8D:18:19:0A": "-98",
            "00:A0:50:C5:65:4D": "-62",
            "00:A0:50:C5:65:17": "-64",
            "65:C0:FB:80:37:69": "-94",
            "00:A0:50:C5:65:4A": "-39",
            "00:A0:50:C5:65:11": "-49",
            "00:A0:50:C5:65:4C": "-40",
            "00:A0:50:C5:75:6C": "-59",
            "00:A0:50:C5:75:6B": "-57",
            "00:A0:50:C5:75:6A": "-57",
            "00:A0:50:C5:76:EA": "-68",
            "00:A0:50:C5:75:64": "-66",
            "00:A0:50:C5:65:1B": "-57",
            "00:A0:50:C5:65:1A": "-76",
            "00:A0:50:C5:76:93": "-76",
            "00:A0:50:C5:75:65": "-54",
            "00:A0:50:C5:76:94": "-57",
            "00:A0:50:C5:75:63": "-52",
            "00:A0:50:C5:76:91": "-37",
            "00:A0:50:C5:76:CB": "-70",
            "00:A0:50:C5:76:8D": "-59",
            "00:A0:50:C5:76:9A": "-51",
            "00:A0:50:C5:65:25": "-52",
            "00:A0:50:C5:75:5F": "-40"
        }
    },
    "dht": [
        " 29,39,1509464131",
        "29,38,1509464134",
        "29,38,1509464137",
        "29,38,1509464139"
    ],
    "gsm": {
        "scan1": [
            "AT OK",
            "AT+CSMINS? +CSMINS: 0,1  OK",
            "AT+CREG? +CREG: 0,1  OK",
            "AT+CENG=3 OK",
            "AT+COPS=? +COPS: (2,\"IDEA Cellular Limited\",\"IDEA\",\"40422\"),(3,\"405929\",\"405929\",\"405929\"),(3,\"405037\",\"405037\",\"405037\"),(3,\"BPL USWEST (Maharastra)\",\"BPL MO\",\"40427\"),(1,\"Maharashtra\",\"CellOne\",\"40466\"),(3,\"405804\",\"405804\",\"405804\"),,(0-4),(0-2)  OK",
            "AT+CSQ +CSQ: 14,0  OK",
            "AT+CENG? +CENG: 3,0  +CENG: 0,\"404,22,278d,1507,04,27\" +CENG: 1,\"404,22,278d,1505,29,21\" +CENG: 2,\"404,22,278d,3112,08,19\" +CENG: 3,\"404,22,278d,3661,53,19\" +CENG: 4,\"404,22,278d,3113,37,18\" +CENG: 5,\"404,22,278d,2654,02,16\" +CENG: 6,\"404,22,278d,2185,08,15\"  OK"
        ]
    },
    "gps": []
}