{
    "bat": "74.00",
    "timeStamp": "1509453767",
    "devID": "00000000320cf2df",
    "totalScanTime": 94,
    "wakeCounter": 1145,
    "ble": {
        "scan1": {
            "00:A0:50:C5:76:DE": "-54",
            "00:A0:50:C5:75:53": "-62",
            "00:A0:50:C5:65:0E": "-64",
            "00:A0:50:C5:75:B5": "-64",
            "00:A0:50:C5:75:B4": "-60",
            "00:A0:50:C5:75:74": "-42",
            "00:A0:50:C5:76:86": "-61",
            "41:0D:77:83:8F:D9": "-95",
            "41:2A:27:0B:1F:19": "-84",
            "00:A0:50:C5:65:4D": "-55",
            "38:A0:5F:34:E6:BB": "-88",
            "00:A0:50:C5:65:17": "-58",
            "00:A0:50:C5:65:4A": "-65",
            "00:A0:50:C5:65:11": "-52",
            "00:A0:50:C5:65:4C": "-54",
            "00:A0:50:C5:75:6C": "-48",
            "00:A0:50:C5:76:95": "-49",
            "00:A0:50:C5:75:6A": "-38",
            "00:A0:50:C5:76:EA": "-56",
            "00:A0:50:C5:76:94": "-62",
            "00:A0:50:C5:65:1B": "-38",
            "00:A0:50:C5:65:1A": "-71",
            "00:A0:50:C5:76:93": "-48",
            "00:A0:50:C5:75:65": "-68",
            "00:A0:50:C5:75:64": "-58",
            "00:A0:50:C5:75:63": "-54",
            "00:A0:50:C5:76:91": "-57",
            "00:A0:50:C5:76:CB": "-62",
            "00:A0:50:C5:76:8D": "-60",
            "00:A0:50:C5:75:6B": "-44",
            "00:A0:50:C5:76:9A": "-73",
            "00:A0:50:C5:65:25": "-46",
            "00:A0:50:C5:75:5F": "-54",
            "BC:54:36:CD:A8:DD": "-95"
        },
        "scan2": {
            "00:A0:50:C5:76:DE": "-56",
            "00:A0:50:C5:76:95": "-51",
            "00:A0:50:C5:75:53": "-66",
            "00:A0:50:C5:65:0E": "-68",
            "00:A0:50:C5:75:B5": "-59",
            "00:A0:50:C5:75:B4": "-59",
            "00:A0:50:C5:75:74": "-44",
            "00:A0:50:C5:76:86": "-62",
            "41:0D:77:83:8F:D9": "-94",
            "41:2A:27:0B:1F:19": "-83",
            "00:A0:50:C5:65:4D": "-55",
            "38:A0:5F:34:E6:BB": "-88",
            "00:A0:50:C5:65:17": "-57",
            "00:A0:50:C5:65:4A": "-64",
            "00:A0:50:C5:65:11": "-56",
            "00:A0:50:C5:65:4C": "-54",
            "00:A0:50:C5:75:6C": "-47",
            "00:A0:50:C5:75:6B": "-43",
            "00:A0:50:C5:75:6A": "-36",
            "00:A0:50:C5:76:EA": "-58",
            "00:A0:50:C5:75:64": "-58",
            "00:A0:50:C5:65:1B": "-38",
            "00:A0:50:C5:65:1A": "-71",
            "00:A0:50:C5:76:93": "-54",
            "00:A0:50:C5:75:65": "-61",
            "00:A0:50:C5:76:94": "-59",
            "00:A0:50:C5:75:63": "-54",
            "00:A0:50:C5:76:91": "-57",
            "00:A0:50:C5:76:8D": "-61",
            "00:A0:50:C5:76:9A": "-72",
            "00:A0:50:C5:65:25": "-46",
            "00:A0:50:C5:75:5F": "-53",
            "BC:54:36:CD:A8:DD": "-97"
        },
        "scan3": {
            "00:A0:50:C5:76:DE": "-55",
            "00:A0:50:C5:75:53": "-62",
            "00:A0:50:C5:65:0E": "-70",
            "00:A0:50:C5:75:B5": "-64",
            "00:A0:50:C5:75:B4": "-58",
            "00:A0:50:C5:75:74": "-42",
            "00:A0:50:C5:76:86": "-61",
            "41:0D:77:83:8F:D9": "-94",
            "41:2A:27:0B:1F:19": "-82",
            "00:A0:50:C5:65:4D": "-60",
            "38:A0:5F:34:E6:BB": "-82",
            "00:A0:50:C5:65:17": "-55",
            "00:A0:50:C5:65:4A": "-66",
            "00:A0:50:C5:65:11": "-52",
            "00:A0:50:C5:65:4C": "-55",
            "00:A0:50:C5:75:6C": "-49",
            "00:A0:50:C5:76:95": "-50",
            "00:A0:50:C5:76:9A": "-62",
            "00:A0:50:C5:76:EA": "-58",
            "00:A0:50:C5:76:94": "-62",
            "00:A0:50:C5:65:1B": "-37",
            "00:A0:50:C5:65:1A": "-69",
            "00:A0:50:C5:75:63": "-54",
            "00:A0:50:C5:75:65": "-61",
            "00:A0:50:C5:75:64": "-59",
            "00:A0:50:C5:76:93": "-48",
            "00:A0:50:C5:76:91": "-59",
            "00:A0:50:C5:76:CB": "-61",
            "00:A0:50:C5:76:8D": "-59",
            "00:A0:50:C5:75:6B": "-43",
            "00:A0:50:C5:75:6A": "-38",
            "00:A0:50:C5:65:25": "-45",
            "00:A0:50:C5:75:5F": "-53",
            "BC:54:36:CD:A8:DD": "-93"
        }
    },
    "dht": [
        " 29,41,1509453744",
        "29,41,1509453746",
        "29,40,1509453749",
        "29,40,1509453751",
        "29,40,1509453754"
    ],
    "gsm": {
        "scan1": [
            "AT OK",
            "AT+CSMINS? +CSMINS: 0,1  OK",
            "AT+CREG? +CREG: 0,1  OK",
            "AT+CENG=3 OK",
            "AT+COPS=? +COPS: (2,\"IDEA Cellular Limited\",\"IDEA\",\"40422\"),(3,\"AirTel\",\"AirTel\",\"40490\"),(3,\"BPL USWEST (Maharastra)\",\"BPL MO\",\"40427\"),(3,\"405929\",\"405929\",\"405929\"),(3,\"Maharashtra\",\"CellOne\",\"40466\"),(3,\"405037\",\"405037\",\"405037\"),,(0-4),(0-2)  OK",
            "AT+CSQ +CSQ: 29,0  OK",
            "AT+CENG? +CENG: 3,0  +CENG: 0,\"404,22,278d,1507,04,58\" +CENG: 1,\"404,22,278d,3112,08,47\" +CENG: 2,\"404,22,278d,2653,06,43\" +CENG: 3,\"404,22,278d,2654,02,42\" +CENG: 4,\"404,22,278d,1505,29,41\" +CENG: 5,\"404,22,278d,3661,53,38\" +CENG: 6,\"404,22,278d,1506,46,35\"  OK"
        ]
    },
    "gps": [
        {
            "GPRMC": "$GPRMC,235953.800,V,,,,,0.00,0.00,050180,,,N*42",
            "GPGGA": "$GPGGA,235953.800,,,,,0,0,,,M,,M,,*4B"
        },
        {
            "GPRMC": "$GPRMC,235954.800,V,,,,,0.00,0.00,050180,,,N*45",
            "GPGGA": "$GPGGA,235954.800,,,,,0,0,,,M,,M,,*4C"
        },
        {
            "GPRMC": "$GPRMC,235955.800,V,,,,,0.00,0.00,050180,,,N*44",
            "GPGGA": "$GPGGA,235955.800,,,,,0,0,,,M,,M,,*4D"
        },
        {
            "GPRMC": "$GPRMC,235956.800,V,,,,,0.00,0.00,050180,,,N*47",
            "GPGGA": "$GPGGA,235956.800,,,,,0,0,,,M,,M,,*4E"
        },
        {
            "GPRMC": "$GPRMC,235957.800,V,,,,,0.00,0.00,050180,,,N*46",
            "GPGGA": "$GPGGA,235957.800,,,,,0,0,,,M,,M,,*4F"
        },
        {
            "GPRMC": "$GPRMC,235958.800,V,,,,,0.00,0.00,050180,,,N*49",
            "GPGGA": "$GPGGA,235958.800,,,,,0,0,,,M,,M,,*40"
        },
        {
            "GPRMC": "$GPRMC,235959.800,V,,,,,0.00,0.00,050180,,,N*48",
            "GPGGA": "$GPGGA,235959.800,,,,,0,0,,,M,,M,,*41"
        },
        {
            "GPRMC": "$GPRMC,000001.003,V,,,,,0.00,0.00,060180,,,N*40",
            "GPGGA": "$GPGGA,000001.003,,,,,0,0,,,M,,M,,*4A"
        },
        {
            "GPRMC": "$GPRMC,000002.003,V,,,,,0.00,0.00,060180,,,N*43",
            "GPGGA": "$GPGGA,000002.003,,,,,0,0,,,M,,M,,*49"
        },
        {
            "GPRMC": "$GPRMC,073044.103,V,,,,,0.00,0.00,080180,,,N*4A",
            "GPGGA": "$GPGGA,073044.103,,,,,0,0,,,M,,M,,*4E"
        },
        {
            "GPRMC": "$GPRMC,073045.103,V,,,,,0.00,0.00,080180,,,N*4B",
            "GPGGA": "$GPGGA,073045.103,,,,,0,0,,,M,,M,,*4F"
        }
    ]
}