{
    "bat": "74.00",
    "timeStamp": "1509453914",
    "devID": "00000000320cf2df",
    "totalScanTime": 97,
    "wakeCounter": 1146,
    "ble": {
        "scan1": {
            "00:A0:50:C5:76:DE": "-56",
            "00:A0:50:C5:76:95": "-47",
            "34:5A:15:43:0D:DF": "-79",
            "00:A0:50:C5:75:53": "-68",
            "00:A0:50:C5:65:0E": "-64",
            "00:A0:50:C5:75:B5": "-62",
            "00:A0:50:C5:75:B4": "-55",
            "00:A0:50:C5:75:74": "-44",
            "00:A0:50:C5:76:86": "-60",
            "41:0D:77:83:8F:D9": "-97",
            "41:2A:27:0B:1F:19": "-85",
            "00:A0:50:C5:65:4D": "-59",
            "00:A0:50:C5:65:17": "-56",
            "00:A0:50:C5:65:4A": "-67",
            "00:A0:50:C5:65:11": "-55",
            "00:A0:50:C5:65:4C": "-52",
            "00:A0:50:C5:75:6C": "-48",
            "00:A0:50:C5:75:6B": "-44",
            "00:A0:50:C5:76:9A": "-60",
            "00:A0:50:C5:76:EA": "-58",
            "00:A0:50:C5:75:64": "-62",
            "00:A0:50:C5:65:1B": "-37",
            "00:A0:50:C5:65:1A": "-70",
            "00:A0:50:C5:76:93": "-54",
            "00:A0:50:C5:75:65": "-67",
            "00:A0:50:C5:76:94": "-60",
            "00:A0:50:C5:75:63": "-51",
            "00:A0:50:C5:76:91": "-60",
            "00:A0:50:C5:76:CB": "-61",
            "00:A0:50:C5:76:8D": "-56",
            "00:A0:50:C5:75:6A": "-38",
            "00:A0:50:C5:65:25": "-45",
            "00:A0:50:C5:75:5F": "-54"
        },
        "scan2": {
            "00:A0:50:C5:76:DE": "-56",
            "00:A0:50:C5:76:95": "-52",
            "34:5A:15:43:0D:DF": "-84",
            "00:A0:50:C5:75:53": "-66",
            "00:A0:50:C5:65:0E": "-69",
            "00:A0:50:C5:75:B5": "-62",
            "00:A0:50:C5:75:B4": "-58",
            "00:A0:50:C5:75:74": "-42",
            "00:A0:50:C5:76:86": "-61",
            "41:0D:77:83:8F:D9": "-96",
            "41:2A:27:0B:1F:19": "-84",
            "00:A0:50:C5:65:17": "-55",
            "00:A0:50:C5:65:4D": "-58",
            "00:A0:50:C5:65:4A": "-64",
            "00:A0:50:C5:65:11": "-53",
            "00:A0:50:C5:65:4C": "-54",
            "00:A0:50:C5:75:6C": "-50",
            "00:A0:50:C5:75:6B": "-44",
            "00:A0:50:C5:75:6A": "-37",
            "00:A0:50:C5:76:EA": "-57",
            "00:A0:50:C5:75:64": "-62",
            "00:A0:50:C5:65:1B": "-37",
            "00:A0:50:C5:65:1A": "-70",
            "00:A0:50:C5:76:93": "-55",
            "00:A0:50:C5:75:65": "-61",
            "00:A0:50:C5:76:94": "-57",
            "00:A0:50:C5:75:63": "-55",
            "00:A0:50:C5:76:91": "-64",
            "00:A0:50:C5:76:CB": "-61",
            "00:A0:50:C5:76:8D": "-57",
            "00:A0:50:C5:65:25": "-45",
            "00:A0:50:C5:75:5F": "-54"
        },
        "scan3": {
            "00:A0:50:C5:76:DE": "-55",
            "00:A0:50:C5:76:95": "-47",
            "34:5A:15:43:0D:DF": "-84",
            "00:A0:50:C5:75:53": "-67",
            "00:A0:50:C5:65:0E": "-69",
            "00:A0:50:C5:75:B5": "-63",
            "00:A0:50:C5:75:B4": "-56",
            "00:A0:50:C5:75:74": "-42",
            "00:A0:50:C5:76:86": "-60",
            "41:0D:77:83:8F:D9": "-96",
            "41:2A:27:0B:1F:19": "-83",
            "00:A0:50:C5:65:4D": "-55",
            "63:E0:5E:70:62:CF": "-96",
            "00:A0:50:C5:65:17": "-55",
            "00:A0:50:C5:65:4A": "-66",
            "00:A0:50:C5:65:11": "-54",
            "00:A0:50:C5:65:4C": "-54",
            "00:A0:50:C5:75:6C": "-48",
            "00:A0:50:C5:75:6B": "-44",
            "00:A0:50:C5:76:9A": "-71",
            "00:A0:50:C5:76:EA": "-58",
            "00:A0:50:C5:75:64": "-59",
            "00:A0:50:C5:65:1B": "-38",
            "00:A0:50:C5:65:1A": "-71",
            "00:A0:50:C5:75:63": "-51",
            "00:A0:50:C5:75:65": "-67",
            "00:A0:50:C5:76:94": "-57",
            "00:A0:50:C5:76:93": "-54",
            "00:A0:50:C5:76:91": "-63",
            "00:A0:50:C5:76:CB": "-61",
            "00:A0:50:C5:76:8D": "-59",
            "00:A0:50:C5:75:6A": "-38",
            "00:A0:50:C5:65:25": "-45",
            "00:A0:50:C5:75:5F": "-52"
        }
    },
    "dht": [
        " 30,38,1509453891",
        "30,38,1509453893",
        "30,38,1509453896",
        "30,38,1509453899",
        "30,37,1509453901"
    ],
    "gsm": {
        "scan1": [
            "AT OK",
            "AT+CSMINS? +CSMINS: 0,1  OK",
            "AT+CREG? +CREG: 0,1  OK",
            "AT+CENG=3 OK",
            "AT+COPS=? +COPS: (2,\"IDEA Cellular Limited\",\"IDEA\",\"40422\"),(3,\"AirTel\",\"AirTel\",\"40490\"),(3,\"405929\",\"405929\",\"405929\"),(3,\"BPL USWEST (Maharastra)\",\"BPL MO\",\"40427\"),(3,\"Maharashtra\",\"CellOne\",\"40466\"),(3,\"405037\",\"405037\",\"405037\"),,(0-4),(0-2)  OK",
            "AT+CSQ +CSQ: 26,0  OK",
            "AT+CENG? +CENG: 3,0  +CENG: 0,\"404,22,278d,3112,08,51\" +CENG: 1,\"404,22,278d,1507,04,49\" +CENG: 2,\"404,22,278d,2653,06,47\" +CENG: 3,\"404,22,278d,2654,02,40\" +CENG: 4,\"404,22,278d,1505,29,37\" +CENG: 5,\"404,22,278d,3661,53,37\" +CENG: 6,\"404,22,278d,1506,46,36\"  OK"
        ]
    },
    "gps": [
        {
            "GPRMC": "$GPRMC,235953.800,V,,,,,0.00,0.00,050180,,,N*42",
            "GPGGA": "$GPGGA,235953.800,,,,,0,0,,,M,,M,,*4B"
        },
        {
            "GPRMC": "$GPRMC,235955.016,V,,,,,0.00,0.00,050180,,,N*4B",
            "GPGGA": "$GPGGA,235955.016,,,,,0,0,,,M,,M,,*42"
        },
        {
            "GPRMC": "$GPRMC,235956.016,V,,,,,0.00,0.00,050180,,,N*48",
            "GPGGA": "$GPGGA,235956.016,,,,,0,0,,,M,,M,,*41"
        },
        {
            "GPRMC": "$GPRMC,073438.193,V,,,,,0.00,0.00,080180,,,N*4C",
            "GPGGA": "$GPGGA,073438.193,,,,,0,0,,,M,,M,,*48"
        },
        {
            "GPRMC": "$GPRMC,073439.193,V,,,,,0.00,0.00,080180,,,N*4D",
            "GPGGA": "$GPGGA,073439.193,,,,,0,0,,,M,,M,,*49"
        },
        {
            "GPRMC": "$GPRMC,073440.193,V,,,,,0.00,0.00,080180,,,N*43",
            "GPGGA": "$GPGGA,073440.193,,,,,0,0,,,M,,M,,*47"
        },
        {
            "GPRMC": "$GPRMC,073441.193,V,,,,,0.00,0.00,080180,,,N*42",
            "GPGGA": "$GPGGA,073441.193,,,,,0,0,,,M,,M,,*46"
        },
        {
            "GPRMC": "$GPRMC,073442.094,V,,,,,0.00,0.00,080180,,,N*47",
            "GPGGA": "$GPGGA,073442.094,,,,,0,0,,,M,,M,,*43"
        },
        {
            "GPRMC": "$GPRMC,073443.094,V,,,,,0.00,0.00,080180,,,N*46",
            "GPGGA": "$GPGGA,073443.094,,,,,0,0,,,M,,M,,*42"
        },
        {
            "GPRMC": "$GPRMC,073444.094,V,,,,,0.00,0.00,080180,,,N*41",
            "GPGGA": "$GPGGA,073444.094,,,,,0,0,,,M,,M,,*45"
        },
        {
            "GPRMC": "$GPRMC,073445.094,V,,,,,0.00,0.00,080180,,,N*40",
            "GPGGA": "$GPGGA,073445.094,,,,,0,0,,,M,,M,,*44"
        }
    ]
}