{
    "bat": "74.00",
    "timeStamp": "1509459887",
    "devID": "00000000320cf2df",
    "totalScanTime": 94,
    "wakeCounter": 1147,
    "ble": {
        "scan1": {
            "00:A0:50:C5:76:DE": "-51",
            "00:A0:50:C5:76:95": "-45",
            "00:A0:50:C5:75:53": "-61",
            "00:A0:50:C5:65:0E": "-59",
            "00:A0:50:C5:75:B5": "-56",
            "00:A0:50:C5:75:B4": "-48",
            "00:A0:50:C5:75:74": "-45",
            "00:A0:50:C5:76:86": "-73",
            "72:87:73:E1:D6:68": "-96",
            "41:0D:77:83:8F:D9": "-99",
            "00:A0:50:C5:65:4D": "-55",
            "71:B7:28:68:C2:8B": "-94",
            "14:F2:BA:EF:48:2F": "-83",
            "00:A0:50:C5:65:17": "-53",
            "00:A0:50:C5:65:4A": "-61",
            "00:A0:50:C5:65:11": "-56",
            "00:A0:50:C5:65:4C": "-55",
            "00:A0:50:C5:75:6C": "-51",
            "00:A0:50:C5:75:6B": "-44",
            "00:A0:50:C5:75:6A": "-35",
            "00:A0:50:C5:76:EA": "-52",
            "00:A0:50:C5:75:64": "-59",
            "00:A0:50:C5:65:1B": "-38",
            "00:A0:50:C5:65:1A": "-67",
            "00:A0:50:C5:76:93": "-50",
            "00:A0:50:C5:75:65": "-64",
            "00:A0:50:C5:76:94": "-62",
            "00:A0:50:C5:75:63": "-47",
            "00:A0:50:C5:76:91": "-86",
            "00:A0:50:C5:76:CB": "-68",
            "00:A0:50:C5:76:8D": "-53",
            "00:A0:50:C5:76:9A": "-55",
            "00:A0:50:C5:65:25": "-44",
            "00:A0:50:C5:75:5F": "-42",
            "BC:54:36:CD:A8:DD": "-96"
        },
        "scan2": {
            "00:A0:50:C5:76:DE": "-51",
            "00:A0:50:C5:75:53": "-61",
            "00:A0:50:C5:65:0E": "-61",
            "00:A0:50:C5:75:B5": "-58",
            "00:A0:50:C5:75:B4": "-48",
            "00:A0:50:C5:75:74": "-45",
            "00:A0:50:C5:76:86": "-73",
            "72:87:73:E1:D6:68": "-95",
            "00:A0:50:C5:65:4D": "-56",
            "71:B7:28:68:C2:8B": "-95",
            "14:F2:BA:EF:48:2F": "-82",
            "00:A0:50:C5:65:17": "-54",
            "00:A0:50:C5:65:4A": "-67",
            "00:A0:50:C5:65:11": "-56",
            "00:A0:50:C5:65:4C": "-54",
            "00:A0:50:C5:75:6C": "-52",
            "00:A0:50:C5:76:95": "-44",
            "00:A0:50:C5:76:9A": "-57",
            "00:A0:50:C5:76:EA": "-54",
            "00:A0:50:C5:76:94": "-60",
            "00:A0:50:C5:65:1B": "-38",
            "00:A0:50:C5:65:1A": "-69",
            "00:A0:50:C5:75:63": "-48",
            "00:A0:50:C5:75:65": "-63",
            "00:A0:50:C5:75:64": "-59",
            "00:A0:50:C5:76:93": "-50",
            "00:A0:50:C5:76:91": "-73",
            "00:A0:50:C5:76:CB": "-64",
            "00:A0:50:C5:76:8D": "-53",
            "00:A0:50:C5:75:6B": "-44",
            "00:A0:50:C5:75:6A": "-35",
            "00:A0:50:C5:65:25": "-44",
            "00:A0:50:C5:75:5F": "-42",
            "BC:54:36:CD:A8:DD": "-97"
        },
        "scan3": {
            "00:A0:50:C5:76:DE": "-51",
            "00:A0:50:C5:76:95": "-44",
            "00:A0:50:C5:75:53": "-61",
            "00:A0:50:C5:65:0E": "-59",
            "00:A0:50:C5:75:B5": "-56",
            "00:A0:50:C5:75:B4": "-48",
            "00:A0:50:C5:75:74": "-46",
            "00:A0:50:C5:76:86": "-72",
            "72:87:73:E1:D6:68": "-93",
            "41:0D:77:83:8F:D9": "-98",
            "00:A0:50:C5:65:4D": "-55",
            "71:B7:28:68:C2:8B": "-95",
            "14:F2:BA:EF:48:2F": "-82",
            "00:A0:50:C5:65:17": "-54",
            "00:A0:50:C5:65:4A": "-62",
            "00:A0:50:C5:65:11": "-56",
            "00:A0:50:C5:65:4C": "-55",
            "00:A0:50:C5:75:6C": "-50",
            "00:A0:50:C5:75:6B": "-44",
            "00:A0:50:C5:75:6A": "-35",
            "00:A0:50:C5:76:EA": "-55",
            "00:A0:50:C5:75:64": "-58",
            "00:A0:50:C5:65:1B": "-37",
            "00:A0:50:C5:65:1A": "-67",
            "00:A0:50:C5:76:93": "-54",
            "00:A0:50:C5:75:65": "-65",
            "00:A0:50:C5:76:94": "-62",
            "00:A0:50:C5:75:63": "-48",
            "00:A0:50:C5:76:91": "-90",
            "00:A0:50:C5:76:CB": "-67",
            "00:A0:50:C5:76:8D": "-53",
            "00:A0:50:C5:76:9A": "-56",
            "00:A0:50:C5:65:25": "-44",
            "00:A0:50:C5:75:5F": "-41",
            "BC:54:36:CD:A8:DD": "-93"
        }
    },
    "dht": [
        " 32,30,1509459864",
        "32,29,1509459866",
        "32,29,1509459869",
        "32,29,1509459871",
        "32,29,1509459874"
    ],
    "gsm": {
        "scan1": [
            "AT OK",
            "AT+CSMINS? +CSMINS: 0,1  OK",
            "AT+CREG? +CREG: 0,1  OK",
            "AT+CENG=3 OK",
            "AT+COPS=? +COPS: (2,\"IDEA Cellular Limited\",\"IDEA\",\"40422\"),(3,\"BPL USWEST (Maharastra)\",\"BPL MO\",\"40427\"),(3,\"405929\",\"405929\",\"405929\"),(3,\"AirTel\",\"AirTel\",\"40490\"),(3,\"405037\",\"405037\",\"405037\"),(3,\"Maharashtra\",\"CellOne\",\"40466\"),,(0-4),(0-2)  OK",
            "AT+CSQ +CSQ: 28,0  OK",
            "AT+CENG? +CENG: 3,0  +CENG: 0,\"404,22,278d,1507,04,55\" +CENG: 1,\"404,22,278d,1505,29,41\" +CENG: 2,\"404,22,278d,3661,53,41\" +CENG: 3,\"404,22,278d,1506,46,36\" +CENG: 4,\"404,22,278d,0acb,42,35\" +CENG: 5,\",,0000,ffff,08,43\" +CENG: 6,\",,0000,ffff,37,36\"  OK"
        ]
    },
    "gps": [
        {
            "GPRMC": "$GPRMC,235953.800,V,,,,,0.00,0.00,050180,,,N*42",
            "GPGGA": "$GPGGA,235953.800,,,,,0,0,,,M,,M,,*4B"
        },
        {
            "GPRMC": "$GPRMC,235954.800,V,,,,,0.00,0.00,050180,,,N*45",
            "GPGGA": "$GPGGA,235954.800,,,,,0,0,,,M,,M,,*4C"
        },
        {
            "GPRMC": "$GPRMC,235955.800,V,,,,,0.00,0.00,050180,,,N*44",
            "GPGGA": "$GPGGA,235955.800,,,,,0,0,,,M,,M,,*4D"
        },
        {
            "GPRMC": "$GPRMC,235956.800,V,,,,,0.00,0.00,050180,,,N*47",
            "GPGGA": "$GPGGA,235956.800,,,,,0,0,,,M,,M,,*4E"
        },
        {
            "GPRMC": "$GPRMC,235957.800,V,,,,,0.00,0.00,050180,,,N*46",
            "GPGGA": "$GPGGA,235957.800,,,,,0,0,,,M,,M,,*4F"
        },
        {
            "GPRMC": "$GPRMC,235958.800,V,,,,,0.00,0.00,050180,,,N*49",
            "GPGGA": "$GPGGA,235958.800,,,,,0,0,,,M,,M,,*40"
        },
        {
            "GPRMC": "$GPRMC,235959.800,V,,,,,0.00,0.00,050180,,,N*48",
            "GPGGA": "$GPGGA,235959.800,,,,,0,0,,,M,,M,,*41"
        },
        {
            "GPRMC": "$GPRMC,000000.800,V,,,,,0.00,0.00,060180,,,N*4A",
            "GPGGA": "$GPGGA,000000.800,,,,,0,0,,,M,,M,,*40"
        },
        {
            "GPRMC": "$GPRMC,000001.800,V,,,,,0.00,0.00,060180,,,N*4B",
            "GPGGA": "$GPGGA,000001.800,,,,,0,0,,,M,,M,,*41"
        },
        {
            "GPRMC": "$GPRMC,000002.800,V,,,,,0.00,0.00,060180,,,N*48",
            "GPGGA": "$GPGGA,000002.800,,,,,0,0,,,M,,M,,*42"
        },
        {
            "GPRMC": "$GPRMC,000003.800,V,,,,,0.00,0.00,060180,,,N*49",
            "GPGGA": "$GPGGA,000003.800,,,,,0,0,,,M,,M,,*43"
        }
    ]
}