{
    "bat": "74.00",
    "timeStamp": "1509461387",
    "devID": "00000000320cf2df",
    "totalScanTime": 95,
    "wakeCounter": 1148,
    "ble": {
        "scan1": {
            "00:A0:50:C5:76:DE": "-57",
            "00:A0:50:C5:76:95": "-71",
            "00:A0:50:C5:75:53": "-55",
            "00:A0:50:C5:65:0E": "-64",
            "00:A0:50:C5:75:B5": "-54",
            "00:A0:50:C5:75:B4": "-62",
            "00:A0:50:B2:96:EA": "-94",
            "00:A0:50:B2:96:EC": "-92",
            "00:A0:50:B2:94:F1": "-93",
            "00:A0:50:C5:75:74": "-69",
            "00:A0:50:C5:76:86": "-61",
            "00:A0:50:C5:65:1B": "-40",
            "00:A0:50:C5:65:4D": "-49",
            "00:A0:50:C5:65:17": "-58",
            "00:A0:50:C5:65:4A": "-58",
            "00:A0:50:C5:65:11": "-64",
            "00:A0:50:C5:65:4C": "-69",
            "00:A0:50:C5:75:6C": "-45",
            "00:A0:50:C5:75:6B": "-50",
            "00:A0:50:C5:75:6A": "-42",
            "13:0F:5B:98:30:64": "-88",
            "00:A0:50:C5:76:EA": "-69",
            "00:A0:50:C5:75:64": "-45",
            "00:A0:50:B2:96:B2": "-95",
            "00:A0:50:C5:65:1A": "-75",
            "00:A0:50:C5:75:63": "-42",
            "00:A0:50:C5:75:65": "-65",
            "00:A0:50:C5:76:94": "-57",
            "00:A0:50:C5:76:93": "-48",
            "00:A0:50:C5:76:91": "-59",
            "00:A0:50:C5:76:CB": "-64",
            "00:A0:50:B2:96:DF": "-91",
            "00:A0:50:B2:96:DD": "-91",
            "00:A0:50:B2:93:5F": "-94",
            "00:A0:50:B2:96:E3": "-95",
            "00:A0:50:C5:76:8D": "-62",
            "00:A0:50:B2:96:A8": "-87",
            "00:A0:50:B2:96:9C": "-93",
            "00:A0:50:C5:76:9A": "-61",
            "00:A0:50:C5:65:25": "-44",
            "00:A0:50:B2:93:22": "-94",
            "00:A0:50:C5:75:5F": "-66",
            "00:A0:50:B2:93:24": "-93"
        },
        "scan2": {
            "00:A0:50:C5:76:DE": "-55",
            "00:A0:50:C5:75:53": "-55",
            "00:A0:50:C5:65:0E": "-65",
            "00:A0:50:C5:75:B5": "-51",
            "00:A0:50:C5:75:B4": "-67",
            "00:A0:50:B2:96:EA": "-92",
            "00:A0:50:B2:96:EC": "-89",
            "00:A0:50:C5:75:74": "-71",
            "00:A0:50:C5:76:86": "-61",
            "00:A0:50:C5:65:4D": "-48",
            "00:A0:50:C5:65:17": "-57",
            "00:A0:50:C5:65:4A": "-61",
            "00:A0:50:C5:65:11": "-65",
            "00:A0:50:C5:65:4C": "-64",
            "00:A0:50:C5:75:6C": "-45",
            "00:A0:50:C5:76:95": "-72",
            "00:A0:50:C5:76:9A": "-55",
            "13:0F:5B:98:30:64": "-91",
            "00:A0:50:C5:76:EA": "-71",
            "00:A0:50:C5:76:94": "-57",
            "00:A0:50:C5:65:1B": "-39",
            "00:A0:50:C5:65:1A": "-71",
            "00:A0:50:B2:96:B2": "-94",
            "00:A0:50:C5:76:93": "-51",
            "00:A0:50:C5:75:65": "-65",
            "00:A0:50:C5:75:64": "-44",
            "00:A0:50:C5:75:63": "-42",
            "00:A0:50:C5:76:91": "-62",
            "00:A0:50:C5:76:CB": "-62",
            "00:A0:50:B2:96:DF": "-94",
            "00:A0:50:B2:96:DD": "-91",
            "00:A0:50:B2:93:5F": "-93",
            "00:A0:50:C5:76:8D": "-60",
            "00:A0:50:B2:96:A8": "-87",
            "00:A0:50:B2:96:9C": "-93",
            "00:A0:50:C5:75:6B": "-50",
            "00:A0:50:C5:75:6A": "-42",
            "00:A0:50:C5:65:25": "-46",
            "00:A0:50:B2:93:22": "-92",
            "00:A0:50:C5:75:5F": "-72",
            "00:A0:50:B2:93:24": "-98"
        },
        "scan3": {
            "00:A0:50:C5:76:DE": "-55",
            "00:A0:50:C5:76:95": "-67",
            "00:A0:50:C5:75:53": "-59",
            "00:A0:50:C5:65:0E": "-63",
            "00:A0:50:C5:75:B5": "-56",
            "00:A0:50:C5:75:B4": "-63",
            "00:A0:50:B2:96:EA": "-95",
            "00:A0:50:B2:96:EC": "-97",
            "00:A0:50:B2:94:F1": "-93",
            "00:A0:50:C5:75:74": "-68",
            "00:A0:50:C5:76:86": "-60",
            "00:A0:50:C5:65:1B": "-39",
            "00:A0:50:C5:65:4D": "-51",
            "00:A0:50:C5:65:17": "-56",
            "00:A0:50:C5:65:4A": "-57",
            "00:A0:50:C5:65:11": "-65",
            "00:A0:50:C5:65:4C": "-69",
            "00:A0:50:C5:75:6C": "-44",
            "00:A0:50:C5:75:6B": "-51",
            "00:A0:50:C5:75:6A": "-44",
            "13:0F:5B:98:30:64": "-84",
            "00:A0:50:C5:76:EA": "-72",
            "00:A0:50:C5:76:94": "-57",
            "00:A0:50:B2:96:B2": "-92",
            "00:A0:50:C5:65:1A": "-75",
            "00:A0:50:C5:75:63": "-43",
            "00:A0:50:C5:75:65": "-66",
            "00:A0:50:C5:75:64": "-44",
            "00:A0:50:C5:76:93": "-48",
            "00:A0:50:C5:76:91": "-61",
            "00:A0:50:C5:76:CB": "-65",
            "00:A0:50:B2:96:DF": "-91",
            "00:A0:50:B2:96:DD": "-91",
            "00:A0:50:B2:93:5F": "-93",
            "00:A0:50:B3:77:09": "-94",
            "00:A0:50:C5:76:8D": "-62",
            "00:A0:50:B2:96:A8": "-91",
            "00:A0:50:C5:76:9A": "-55",
            "00:A0:50:C5:65:25": "-44",
            "00:A0:50:B2:93:22": "-89",
            "00:A0:50:C5:75:5F": "-68",
            "00:A0:50:B2:93:24": "-93"
        }
    },
    "dht": [],
    "gsm": {
        "scan1": [
            "AT OK",
            "AT+CSMINS? +CSMINS: 0,1  OK",
            "AT+CREG? +CREG: 0,1  OK",
            "AT+CENG=3 OK",
            "AT+COPS=? +COPS: (2,\"IDEA Cellular Limited\",\"IDEA\",\"40422\"),(3,\"AirTel\",\"AirTel\",\"40490\"),(3,\"BPL USWEST (Maharastra)\",\"BPL MO\",\"40427\"),(3,\"405037\",\"405037\",\"405037\"),,(0-4),(0-2)  OK",
            "AT+CSQ +CSQ: 20,0  OK",
            "AT+CENG? +CENG: 3,0  +CENG: 0,\"404,22,278d,206d,25,40\" +CENG: 1,\"404,22,278d,3661,53,24\" +CENG: 2,\"404,22,278d,3663,46,21\" +CENG: 3,\"404,22,278d,3112,08,20\" +CENG: 4,\",,0000,ffff,00,17\" +CENG: 5,\",,0000,ffff,00,14\" +CENG: 6,\",,0000,ffff,00,14\"  OK"
        ]
    },
    "gps": [
        {
            "GPRMC": "$GPRMC,235953.800,V,,,,,0.00,0.00,050180,,,N*42",
            "GPGGA": "$GPGGA,235953.800,,,,,0,0,,,M,,M,,*4B"
        },
        {
            "GPRMC": "$GPRMC,235954.800,V,,,,,0.00,0.00,050180,,,N*45",
            "GPGGA": "$GPGGA,235954.800,,,,,0,0,,,M,,M,,*4C"
        },
        {
            "GPRMC": "$GPRMC,235955.800,V,,,,,0.00,0.00,050180,,,N*44",
            "GPGGA": "$GPGGA,235955.800,,,,,0,0,,,M,,M,,*4D"
        },
        {
            "GPRMC": "$GPRMC,235956.800,V,,,,,0.00,0.00,050180,,,N*47",
            "GPGGA": "$GPGGA,235956.800,,,,,0,0,,,M,,M,,*4E"
        },
        {
            "GPRMC": "$GPRMC,235957.800,V,,,,,0.00,0.00,050180,,,N*46",
            "GPGGA": "$GPGGA,235957.800,,,,,0,0,,,M,,M,,*4F"
        },
        {
            "GPRMC": "$GPRMC,235958.800,V,,,,,0.00,0.00,050180,,,N*49",
            "GPGGA": "$GPGGA,235958.800,,,,,0,0,,,M,,M,,*40"
        },
        {
            "GPRMC": "$GPRMC,235959.800,V,,,,,0.00,0.00,050180,,,N*48",
            "GPGGA": "$GPGGA,235959.800,,,,,0,0,,,M,,M,,*41"
        },
        {
            "GPRMC": "$GPRMC,000000.800,V,,,,,0.00,0.00,060180,,,N*4A",
            "GPGGA": "$GPGGA,000000.800,,,,,0,0,,,M,,M,,*40"
        },
        {
            "GPRMC": "$GPRMC,000001.800,V,,,,,0.00,0.00,060180,,,N*4B",
            "GPGGA": "$GPGGA,000001.800,,,,,0,0,,,M,,M,,*41"
        },
        {
            "GPRMC": "$GPRMC,000002.800,V,,,,,0.00,0.00,060180,,,N*48",
            "GPGGA": "$GPGGA,000002.800,,,,,0,0,,,M,,M,,*42"
        },
        {
            "GPRMC": "$GPRMC,000003.800,V,,,,,0.00,0.00,060180,,,N*49",
            "GPGGA": "$GPGGA,000003.800,,,,,0,0,,,M,,M,,*43"
        }
    ]
}