{
    "bat": "74.00",
    "timeStamp": "1509461766",
    "devID": "00000000320cf2df",
    "totalScanTime": 93,
    "wakeCounter": 1149,
    "ble": {
        "scan1": {
            "00:A0:50:C5:76:DE": "-53",
            "00:A0:50:C5:75:53": "-62",
            "00:A0:50:C5:65:0E": "-65",
            "00:A0:50:C5:75:B5": "-56",
            "00:A0:50:C5:75:B4": "-59",
            "00:A0:50:B2:96:EA": "-95",
            "00:A0:50:B2:96:EC": "-91",
            "00:A0:50:B2:94:F1": "-94",
            "00:A0:50:C5:75:74": "-70",
            "00:A0:50:C5:76:86": "-62",
            "00:A0:50:C5:65:1B": "-40",
            "00:A0:50:C5:65:4D": "-48",
            "00:A0:50:C5:65:17": "-57",
            "00:A0:50:C5:65:4A": "-58",
            "00:A0:50:C5:65:11": "-66",
            "00:A0:50:C5:65:4C": "-69",
            "00:A0:50:C5:75:6C": "-44",
            "00:A0:50:C5:76:95": "-71",
            "00:A0:50:C5:76:9A": "-61",
            "13:0F:5B:98:30:64": "-82",
            "00:A0:50:C5:76:EA": "-74",
            "00:A0:50:C5:76:94": "-59",
            "00:A0:50:B2:96:B2": "-97",
            "00:A0:50:C5:65:1A": "-75",
            "00:A0:50:C5:75:63": "-42",
            "00:A0:50:C5:75:65": "-67",
            "00:A0:50:C5:75:64": "-44",
            "00:A0:50:C5:76:93": "-48",
            "00:A0:50:C5:76:91": "-59",
            "00:A0:50:C5:76:CB": "-66",
            "00:A0:50:B2:96:DF": "-92",
            "00:A0:50:B2:96:DD": "-92",
            "00:A0:50:B2:93:5F": "-93",
            "00:A0:50:C5:76:8D": "-61",
            "00:A0:50:B2:96:A8": "-88",
            "00:A0:50:B2:96:9C": "-94",
            "00:A0:50:C5:75:6B": "-55",
            "00:A0:50:C5:75:6A": "-44",
            "00:A0:50:C5:65:25": "-44",
            "00:A0:50:B2:93:22": "-91",
            "00:A0:50:C5:75:5F": "-69",
            "00:A0:50:B2:93:24": "-92"
        },
        "scan2": {
            "00:A0:50:C5:76:DE": "-56",
            "00:A0:50:C5:76:95": "-72",
            "00:A0:50:C5:75:53": "-55",
            "00:A0:50:C5:65:0E": "-64",
            "00:A0:50:C5:75:B5": "-52",
            "00:A0:50:C5:75:B4": "-59",
            "00:A0:50:B2:96:EA": "-93",
            "00:A0:50:B2:96:EC": "-90",
            "00:A0:50:C5:75:74": "-72",
            "00:A0:50:C5:76:86": "-62",
            "00:A0:50:C5:65:4D": "-50",
            "00:A0:50:C5:65:17": "-58",
            "00:A0:50:C5:65:4A": "-53",
            "00:A0:50:C5:65:11": "-66",
            "00:A0:50:C5:65:4C": "-64",
            "00:A0:50:C5:75:6C": "-44",
            "00:A0:50:C5:75:6B": "-51",
            "00:A0:50:C5:75:6A": "-43",
            "13:0F:5B:98:30:64": "-87",
            "00:A0:50:C5:76:EA": "-70",
            "00:A0:50:C5:75:64": "-47",
            "00:A0:50:C5:65:1B": "-40",
            "00:A0:50:C5:65:1A": "-73",
            "00:A0:50:B2:96:B2": "-94",
            "00:A0:50:C5:76:93": "-51",
            "00:A0:50:C5:75:65": "-65",
            "00:A0:50:C5:76:94": "-56",
            "00:A0:50:C5:75:63": "-43",
            "00:A0:50:C5:76:91": "-62",
            "00:A0:50:C5:76:CB": "-64",
            "00:A0:50:B2:96:DF": "-92",
            "00:A0:50:B2:93:5F": "-93",
            "00:A0:50:B3:77:09": "-95",
            "00:A0:50:C5:76:8D": "-60",
            "00:A0:50:B2:96:A8": "-88",
            "00:A0:50:C5:76:9A": "-60",
            "00:A0:50:C5:65:25": "-46",
            "00:A0:50:B2:93:22": "-94",
            "00:A0:50:C5:75:5F": "-71",
            "00:A0:50:B2:93:24": "-94"
        },
        "scan3": {
            "00:A0:50:C5:76:DE": "-55",
            "00:A0:50:C5:75:53": "-59",
            "00:A0:50:C5:65:0E": "-59",
            "00:A0:50:C5:75:B4": "-64",
            "00:A0:50:B2:96:EA": "-96",
            "00:A0:50:B2:96:EC": "-91",
            "00:A0:50:C5:76:86": "-62",
            "00:A0:50:C5:65:17": "-57",
            "00:A0:50:C5:65:4A": "-61",
            "00:A0:50:C5:65:11": "-68",
            "00:A0:50:C5:65:4C": "-64",
            "00:A0:50:C5:75:6C": "-45",
            "00:A0:50:C5:76:95": "-74",
            "00:A0:50:C5:75:6A": "-42",
            "13:0F:5B:98:30:64": "-86",
            "00:A0:50:C5:75:64": "-47",
            "00:A0:50:C5:65:1B": "-39",
            "00:A0:50:C5:65:1A": "-75",
            "00:A0:50:C5:75:65": "-66",
            "00:A0:50:C5:76:94": "-58",
            "00:A0:50:C5:75:63": "-44",
            "00:A0:50:C5:76:91": "-62",
            "00:A0:50:B2:96:DF": "-90",
            "00:A0:50:B2:96:DD": "-90",
            "00:A0:50:B2:93:5F": "-91",
            "00:A0:50:B3:77:09": "-93",
            "00:A0:50:C5:76:8D": "-60",
            "00:A0:50:B2:96:A8": "-87",
            "00:A0:50:C5:75:6B": "-50",
            "00:A0:50:C5:76:9A": "-55",
            "00:A0:50:C5:65:25": "-46",
            "00:A0:50:B2:93:22": "-92",
            "00:A0:50:B2:93:24": "-91"
        }
    },
    "dht": [
        " 30,35,1509461746",
        "30,35,1509461748",
        "30,35,1509461751",
        "30,35,1509461753"
    ],
    "gsm": {
        "scan1": [
            "AT OK",
            "AT+CSMINS? +CSMINS: 0,1  OK",
            "AT+CREG? +CREG: 0,1  OK",
            "AT+CENG=3 OK",
            "AT+COPS=? +COPS: (2,\"IDEA Cellular Limited\",\"IDEA\",\"40422\"),(3,\"AirTel\",\"AirTel\",\"40490\"),(3,\"BPL USWEST (Maharastra)\",\"BPL MO\",\"40427\"),(3,\"405037\",\"405037\",\"405037\"),,(0-4),(0-2)  OK",
            "AT+CSQ +CSQ: 20,0  OK",
            "AT+CENG? +CENG: 3,0  +CENG: 0,\"404,22,278d,206d,25,40\" +CENG: 1,\"404,22,278d,3663,46,24\" +CENG: 2,\"404,22,278d,3112,08,21\" +CENG: 3,\"404,22,278d,3661,53,21\" +CENG: 4,\",,0000,ffff,00,18\" +CENG: 5,\",,0000,ffff,46,16\" +CENG: 6,\",,0000,ffff,00,15\"  OK"
        ]
    },
    "gps": [
        {
            "GPRMC": "$GPRMC,235953.800,V,,,,,0.00,0.00,050180,,,N*42",
            "GPGGA": "$GPGGA,235953.800,,,,,0,0,,,M,,M,,*4B"
        },
        {
            "GPRMC": "$GPRMC,235954.800,V,,,,,0.00,0.00,050180,,,N*45",
            "GPGGA": "$GPGGA,235954.800,,,,,0,0,,,M,,M,,*4C"
        },
        {
            "GPRMC": "$GPRMC,235955.800,V,,,,,0.00,0.00,050180,,,N*44",
            "GPGGA": "$GPGGA,235955.800,,,,,0,0,,,M,,M,,*4D"
        },
        {
            "GPRMC": "$GPRMC,235956.800,V,,,,,0.00,0.00,050180,,,N*47",
            "GPGGA": "$GPGGA,235956.800,,,,,0,0,,,M,,M,,*4E"
        },
        {
            "GPRMC": "$GPRMC,235957.800,V,,,,,0.00,0.00,050180,,,N*46",
            "GPGGA": "$GPGGA,235957.800,,,,,0,0,,,M,,M,,*4F"
        },
        {
            "GPRMC": "$GPRMC,235958.800,V,,,,,0.00,0.00,050180,,,N*49",
            "GPGGA": "$GPGGA,235958.800,,,,,0,0,,,M,,M,,*40"
        },
        {
            "GPRMC": "$GPRMC,235959.800,V,,,,,0.00,0.00,050180,,,N*48",
            "GPGGA": "$GPGGA,235959.800,,,,,0,0,,,M,,M,,*41"
        },
        {
            "GPRMC": "$GPRMC,000000.800,V,,,,,0.00,0.00,060180,,,N*4A",
            "GPGGA": "$GPGGA,000000.800,,,,,0,0,,,M,,M,,*40"
        },
        {
            "GPRMC": "$GPRMC,000001.800,V,,,,,0.00,0.00,060180,,,N*4B",
            "GPGGA": "$GPGGA,000001.800,,,,,0,0,,,M,,M,,*41"
        },
        {
            "GPRMC": "$GPRMC,000002.800,V,,,,,0.00,0.00,060180,,,N*48",
            "GPGGA": "$GPGGA,000002.800,,,,,0,0,,,M,,M,,*42"
        },
        {
            "GPRMC": "$GPRMC,000003.800,V,,,,,0.00,0.00,060180,,,N*49",
            "GPGGA": "$GPGGA,000003.800,,,,,0,0,,,M,,M,,*43"
        }
    ]
}