{
    "bat": "74.00",
    "timeStamp": "",
    "devID": "00000000320cf2df",
    "totalScanTime": 94,
    "wakeCounter": 1150,
    "ble": {
        "scan1": {
            "00:A0:50:C5:76:DE": "-68",
            "00:A0:50:C5:76:95": "-76",
            "00:A0:50:C5:75:53": "-60",
            "00:A0:50:C5:65:0E": "-63",
            "00:A0:50:C5:75:B5": "-67",
            "00:A0:50:C5:75:B4": "-62",
            "00:A0:50:C5:75:74": "-61",
            "00:A0:50:C5:76:86": "-63",
            "25:74:14:B2:94:1B": "-89",
            "00:A0:50:C5:65:1B": "-42",
            "70:D5:16:9D:9C:56": "-87",
            "00:A0:50:C5:65:4D": "-51",
            "00:A0:50:C5:65:17": "-60",
            "00:A0:50:C5:65:4A": "-62",
            "00:A0:50:C5:65:11": "-57",
            "00:A0:50:C5:65:4C": "-83",
            "00:A0:50:C5:75:6C": "-45",
            "00:A0:50:C5:75:6B": "-52",
            "00:A0:50:C5:75:6A": "-45",
            "00:A0:50:C5:76:EA": "-49",
            "00:A0:50:C5:75:64": "-44",
            "00:A0:50:B2:96:B2": "-94",
            "00:A0:50:C5:65:1A": "-56",
            "00:A0:50:C5:75:63": "-41",
            "00:A0:50:C5:75:65": "-52",
            "00:A0:50:C5:76:94": "-60",
            "00:A0:50:C5:76:93": "-47",
            "00:A0:50:C5:76:91": "-61",
            "00:A0:50:C5:76:CB": "-53",
            "00:A0:50:C5:76:8D": "-60",
            "00:A0:50:B2:96:A8": "-91",
            "00:A0:50:C5:76:9A": "-66",
            "00:A0:50:C5:65:25": "-46",
            "00:A0:50:C5:75:5F": "-72"
        },
        "scan2": {
            "00:A0:50:C5:76:DE": "-64",
            "00:A0:50:C5:75:53": "-59",
            "00:A0:50:C5:75:B5": "-62",
            "00:A0:50:C5:75:B4": "-63",
            "00:A0:50:C5:75:74": "-58",
            "00:A0:50:C5:76:86": "-62",
            "25:74:14:B2:94:1B": "-85",
            "70:D5:16:9D:9C:56": "-95",
            "00:A0:50:C5:65:4D": "-47",
            "00:A0:50:C5:65:17": "-61",
            "00:A0:50:C5:65:4A": "-60",
            "00:A0:50:C5:65:11": "-58",
            "00:A0:50:C5:65:4C": "-60",
            "00:A0:50:C5:75:6C": "-48",
            "00:A0:50:C5:75:6B": "-45",
            "00:A0:50:C5:75:6A": "-45",
            "00:A0:50:C5:76:EA": "-51",
            "00:A0:50:C5:65:1B": "-42",
            "00:A0:50:C5:65:1A": "-56",
            "00:A0:50:C5:75:63": "-40",
            "00:A0:50:C5:75:65": "-52",
            "00:A0:50:C5:75:64": "-44",
            "00:A0:50:C5:76:93": "-47",
            "00:A0:50:C5:76:91": "-61",
            "00:A0:50:C5:76:CB": "-60",
            "00:A0:50:C5:76:8D": "-63",
            "00:A0:50:B2:96:A8": "-98",
            "00:A0:50:C5:76:9A": "-63",
            "00:A0:50:C5:65:25": "-46",
            "00:A0:50:C5:75:5F": "-70"
        },
        "scan3": {
            "00:A0:50:C5:76:DE": "-72",
            "00:A0:50:C5:76:95": "-68",
            "00:A0:50:C5:75:53": "-59",
            "00:A0:50:C5:65:0E": "-62",
            "00:A0:50:C5:75:B5": "-62",
            "00:A0:50:C5:75:B4": "-63",
            "00:A0:50:C5:75:74": "-58",
            "00:A0:50:C5:76:86": "-65",
            "25:74:14:B2:94:1B": "-88",
            "00:A0:50:C5:65:1B": "-42",
            "70:D5:16:9D:9C:56": "-97",
            "00:A0:50:C5:65:4D": "-47",
            "00:A0:50:C5:65:17": "-58",
            "00:A0:50:C5:65:4A": "-60",
            "00:A0:50:C5:65:11": "-59",
            "00:A0:50:C5:65:4C": "-60",
            "00:A0:50:C5:75:6C": "-45",
            "00:A0:50:C5:75:6B": "-46",
            "00:A0:50:C5:75:6A": "-44",
            "00:A0:50:C5:76:EA": "-49",
            "00:A0:50:C5:75:64": "-44",
            "00:A0:50:B2:96:B2": "-96",
            "00:A0:50:C5:65:1A": "-57",
            "00:A0:50:C5:75:63": "-42",
            "00:A0:50:C5:75:65": "-54",
            "00:A0:50:C5:76:94": "-60",
            "00:A0:50:C5:76:93": "-47",
            "00:A0:50:C5:76:91": "-61",
            "00:A0:50:C5:76:CB": "-61",
            "00:A0:50:C5:76:8D": "-63",
            "00:A0:50:B2:96:A8": "-95",
            "00:A0:50:C5:76:9A": "-61",
            "00:A0:50:C5:65:25": "-46",
            "00:A0:50:C5:75:5F": "-71"
        }
    },
    "dht": [
        " 30,35,1509461878",
        "30,34,1509461881",
        "30,34,1509461884",
        "30,34,1509461886",
        "30,34,1509461889",
        "30,34,1509461891"
    ],
    "gsm": {
        "scan1": [
            "AT OK",
            "AT+CSMINS? +CSMINS: 0,1  OK",
            "AT+CREG? +CREG: 0,1  OK",
            "AT+CENG=3 OK",
            "AT+COPS=? +COPS: (2,\"IDEA Cellular Limited\",\"IDEA\",\"40422\"),(3,\"405037\",\"405037\",\"405037\"),(3,\"AirTel\",\"AirTel\",\"40490\"),(3,\"BPL USWEST (Maharastra)\",\"BPL MO\",\"40427\"),,(0-4),(0-2)  OK",
            "AT+CSQ +CSQ: 15,0  OK",
            "AT+CENG? +CENG: 3,0  +CENG: 0,\"404,22,278d,206d,25,30\" +CENG: 1,\"404,22,278d,3112,08,21\" +CENG: 2,\"404,22,278d,3661,53,17\" +CENG: 3,\"404,22,278d,3663,46,16\" +CENG: 4,\",,0000,ffff,00,15\" +CENG: 5,\",,0000,ffff,00,15\" +CENG: 6,\",,0000,ffff,00,14\"  OK"
        ]
    },
    "gps": [
        {
            "GPRMC": "$GPRMC,235953.800,V,,,,,0.00,0.00,050180,,,N*42",
            "GPGGA": "$GPGGA,235953.800,,,,,0,0,,,M,,M,,*4B"
        },
        {
            "GPRMC": "$GPRMC,235954.800,V,,,,,0.00,0.00,050180,,,N*45",
            "GPGGA": "$GPGGA,235954.800,,,,,0,0,,,M,,M,,*4C"
        },
        {
            "GPRMC": "$GPRMC,235955.800,V,,,,,0.00,0.00,050180,,,N*44",
            "GPGGA": "$GPGGA,235955.800,,,,,0,0,,,M,,M,,*4D"
        },
        {
            "GPRMC": "$GPRMC,235956.800,V,,,,,0.00,0.00,050180,,,N*47",
            "GPGGA": "$GPGGA,235956.800,,,,,0,0,,,M,,M,,*4E"
        },
        {
            "GPRMC": "$GPRMC,235957.800,V,,,,,0.00,0.00,050180,,,N*46",
            "GPGGA": "$GPGGA,235957.800,,,,,0,0,,,M,,M,,*4F"
        },
        {
            "GPRMC": "$GPRMC,235958.800,V,,,,,0.00,0.00,050180,,,N*49",
            "GPGGA": "$GPGGA,235958.800,,,,,0,0,,,M,,M,,*40"
        },
        {
            "GPRMC": "$GPRMC,235959.800,V,,,,,0.00,0.00,050180,,,N*48",
            "GPGGA": "$GPGGA,235959.800,,,,,0,0,,,M,,M,,*41"
        },
        {
            "GPRMC": "$GPRMC,000000.800,V,,,,,0.00,0.00,060180,,,N*4A",
            "GPGGA": "$GPGGA,000000.800,,,,,0,0,,,M,,M,,*40"
        },
        {
            "GPRMC": "$GPRMC,000001.800,V,,,,,0.00,0.00,060180,,,N*4B",
            "GPGGA": "$GPGGA,000001.800,,,,,0,0,,,M,,M,,*41"
        },
        {
            "GPRMC": "$GPRMC,000002.800,V,,,,,0.00,0.00,060180,,,N*48",
            "GPGGA": "$GPGGA,000002.800,,,,,0,0,,,M,,M,,*42"
        },
        {
            "GPRMC": "$GPRMC,000003.800,V,,,,,0.00,0.00,060180,,,N*49",
            "GPGGA": "$GPGGA,000003.800,,,,,0,0,,,M,,M,,*43"
        }
    ]
}