{
    "bat": "74.00",
    "timeStamp": "1509462044",
    "devID": "00000000320cf2df",
    "totalScanTime": 93,
    "wakeCounter": 1151,
    "ble": {
        "scan1": {
            "00:A0:50:C5:76:DE": "-65",
            "00:A0:50:C5:75:53": "-59",
            "00:A0:50:C5:65:0E": "-59",
            "00:A0:50:C5:75:B5": "-65",
            "00:A0:50:C5:75:B4": "-63",
            "00:A0:50:C5:75:74": "-58",
            "00:A0:50:C5:76:86": "-67",
            "00:A0:50:C5:76:9A": "-65",
            "25:74:14:B2:94:1B": "-90",
            "00:A0:50:C5:65:4D": "-48",
            "00:A0:50:C5:65:17": "-60",
            "00:A0:50:C5:65:4A": "-60",
            "00:A0:50:C5:65:11": "-57",
            "00:A0:50:C5:65:4C": "-79",
            "00:A0:50:C5:75:65": "-51",
            "00:A0:50:B2:96:AC": "-94",
            "00:A0:50:C5:76:EA": "-48",
            "00:A0:50:C5:75:64": "-44",
            "00:A0:50:C5:65:1B": "-41",
            "00:A0:50:C5:76:93": "-46",
            "00:A0:50:C5:76:95": "-69",
            "00:A0:50:C5:76:94": "-59",
            "00:A0:50:C5:75:63": "-43",
            "00:A0:50:C5:76:CB": "-54",
            "00:A0:50:C5:76:8D": "-64",
            "00:A0:50:B2:96:A8": "-90",
            "00:A0:50:C5:75:6B": "-52",
            "00:A0:50:C5:75:6A": "-45",
            "00:A0:50:C5:65:25": "-46",
            "00:A0:50:C5:75:5F": "-69"
        },
        "scan2": {
            "00:A0:50:C5:76:DE": "-66",
            "00:A0:50:C5:76:95": "-73",
            "00:A0:50:C5:75:53": "-57",
            "00:A0:50:C5:65:0E": "-63",
            "00:A0:50:C5:75:B5": "-63",
            "00:A0:50:C5:75:B4": "-61",
            "00:A0:50:C5:75:74": "-58",
            "00:A0:50:C5:76:86": "-63",
            "00:A0:50:C5:76:9A": "-65",
            "00:A0:50:B2:96:AC": "-91",
            "00:A0:50:C5:65:4D": "-47",
            "00:A0:50:C5:65:17": "-60",
            "00:A0:50:C5:65:4A": "-61",
            "00:A0:50:C5:65:11": "-58",
            "00:A0:50:C5:65:4C": "-61",
            "00:A0:50:C5:75:6C": "-47",
            "00:A0:50:C5:75:6B": "-46",
            "25:74:14:B2:94:1B": "-90",
            "00:A0:50:C5:76:EA": "-51",
            "00:A0:50:C5:75:64": "-44",
            "00:A0:50:C5:65:1B": "-42",
            "00:A0:50:C5:65:1A": "-58",
            "00:A0:50:C5:76:93": "-47",
            "00:A0:50:C5:75:65": "-56",
            "00:A0:50:C5:76:94": "-62",
            "00:A0:50:C5:75:63": "-43",
            "00:A0:50:C5:76:91": "-60",
            "00:A0:50:C5:76:CB": "-60",
            "00:A0:50:C5:76:8D": "-64",
            "00:A0:50:B2:96:A8": "-92",
            "00:A0:50:C5:75:6A": "-45",
            "00:A0:50:C5:65:25": "-46",
            "00:A0:50:B2:93:22": "-95",
            "00:A0:50:C5:75:5F": "-70"
        },
        "scan3": {
            "00:A0:50:C5:76:DE": "-65",
            "00:A0:50:C5:76:95": "-73",
            "00:A0:50:C5:75:53": "-60",
            "00:A0:50:C5:65:0E": "-63",
            "00:A0:50:C5:75:B5": "-66",
            "00:A0:50:C5:75:B4": "-64",
            "00:A0:50:C5:75:74": "-58",
            "00:A0:50:C5:76:86": "-67",
            "25:74:14:B2:94:1B": "-92",
            "00:A0:50:C5:65:1B": "-40",
            "00:A0:50:C5:65:4D": "-48",
            "00:A0:50:C5:65:17": "-59",
            "00:A0:50:C5:65:4A": "-62",
            "00:A0:50:C5:65:11": "-56",
            "00:A0:50:C5:65:4C": "-60",
            "00:A0:50:C5:75:6C": "-50",
            "00:A0:50:C5:75:6B": "-46",
            "00:A0:50:C5:76:9A": "-62",
            "00:A0:50:C5:76:EA": "-51",
            "00:A0:50:C5:75:64": "-44",
            "00:A0:50:B2:96:B2": "-97",
            "00:A0:50:C5:65:1A": "-58",
            "00:A0:50:C5:76:93": "-46",
            "00:A0:50:C5:75:65": "-51",
            "00:A0:50:C5:76:94": "-60",
            "00:A0:50:C5:75:63": "-41",
            "00:A0:50:C5:76:91": "-61",
            "00:A0:50:C5:76:CB": "-60",
            "00:A0:50:C5:76:8D": "-65",
            "00:A0:50:B2:96:A8": "-91",
            "00:A0:50:C5:65:25": "-46",
            "00:A0:50:C5:75:5F": "-69"
        }
    },
    "dht": [
        " 31,34,1509462023",
        "31,34,1509462026",
        "31,33,1509462028",
        "31,33,1509462031"
    ],
    "gsm": {
        "scan1": [
            "AT OK",
            "AT+CSMINS? +CSMINS: 0,1  OK",
            "AT+CREG? +CREG: 0,1  OK",
            "AT+CENG=3 OK",
            "AT+COPS=? +COPS: (2,\"IDEA Cellular Limited\",\"IDEA\",\"40422\"),(3,\"AirTel\",\"AirTel\",\"40490\"),(3,\"BPL USWEST (Maharastra)\",\"BPL MO\",\"40427\"),(3,\"405037\",\"405037\",\"405037\"),,(0-4),(0-2)  OK",
            "AT+CSQ +CSQ: 16,0  OK",
            "AT+CENG? +CENG: 3,0  +CENG: 0,\"404,22,278d,206d,25,31\" +CENG: 1,\"404,22,278d,3112,08,19\" +CENG: 2,\"404,22,278d,2654,02,14\" +CENG: 3,\",,0000,ffff,53,17\" +CENG: 4,\",,0000,ffff,00,17\" +CENG: 5,\",,0000,ffff,00,15\" +CENG: 6,\",,0000,ffff,00,14\"  OK"
        ]
    },
    "gps": [
        {
            "GPRMC": "$GPRMC,235953.800,V,,,,,0.00,0.00,050180,,,N*42",
            "GPGGA": "$GPGGA,235953.800,,,,,0,0,,,M,,M,,*4B"
        },
        {
            "GPRMC": "$GPRMC,235954.800,V,,,,,0.00,0.00,050180,,,N*45",
            "GPGGA": "$GPGGA,235954.800,,,,,0,0,,,M,,M,,*4C"
        },
        {
            "GPRMC": "$GPRMC,235955.800,V,,,,,0.00,0.00,050180,,,N*44",
            "GPGGA": "$GPGGA,235955.800,,,,,0,0,,,M,,M,,*4D"
        },
        {
            "GPRMC": "$GPRMC,235956.800,V,,,,,0.00,0.00,050180,,,N*47",
            "GPGGA": "$GPGGA,235956.800,,,,,0,0,,,M,,M,,*4E"
        },
        {
            "GPRMC": "$GPRMC,235957.800,V,,,,,0.00,0.00,050180,,,N*46",
            "GPGGA": "$GPGGA,235957.800,,,,,0,0,,,M,,M,,*4F"
        },
        {
            "GPRMC": "$GPRMC,235958.800,V,,,,,0.00,0.00,050180,,,N*49",
            "GPGGA": "$GPGGA,235958.800,,,,,0,0,,,M,,M,,*40"
        },
        {
            "GPRMC": "$GPRMC,235959.800,V,,,,,0.00,0.00,050180,,,N*48",
            "GPGGA": "$GPGGA,235959.800,,,,,0,0,,,M,,M,,*41"
        },
        {
            "GPRMC": "$GPRMC,000000.800,V,,,,,0.00,0.00,060180,,,N*4A",
            "GPGGA": "$GPGGA,000000.800,,,,,0,0,,,M,,M,,*40"
        },
        {
            "GPRMC": "$GPRMC,000001.800,V,,,,,0.00,0.00,060180,,,N*4B",
            "GPGGA": "$GPGGA,000001.800,,,,,0,0,,,M,,M,,*41"
        },
        {
            "GPRMC": "$GPRMC,000002.800,V,,,,,0.00,0.00,060180,,,N*48",
            "GPGGA": "$GPGGA,000002.800,,,,,0,0,,,M,,M,,*42"
        },
        {
            "GPRMC": "$GPRMC,000003.800,V,,,,,0.00,0.00,060180,,,N*49",
            "GPGGA": "$GPGGA,000003.800,,,,,0,0,,,M,,M,,*43"
        }
    ]
}