{
    "bat": "74.00",
    "timeStamp": "1509462467",
    "devID": "00000000320cf2df",
    "totalScanTime": 94,
    "wakeCounter": 1152,
    "ble": {
        "scan1": {
            "00:A0:50:C5:76:DE": "-76",
            "00:A0:50:C5:76:95": "-76",
            "00:A0:50:C5:75:53": "-73",
            "00:A0:50:C5:65:0E": "-71",
            "00:A0:50:C5:75:B5": "-79",
            "00:A0:50:C5:75:B4": "-70",
            "00:A0:50:B2:96:EC": "-89",
            "00:A0:50:B2:94:F1": "-89",
            "00:A0:50:C5:75:74": "-78",
            "00:A0:50:C5:76:86": "-84",
            "25:74:14:B2:94:1B": "-95",
            "00:A0:50:C5:65:4D": "-53",
            "00:A0:50:C5:65:17": "-91",
            "00:A0:50:C5:65:4A": "-77",
            "00:A0:50:C5:65:11": "-75",
            "00:A0:50:C5:65:4C": "-84",
            "00:A0:50:C5:75:6C": "-46",
            "00:A0:50:C5:75:6B": "-56",
            "00:A0:50:C5:75:6A": "-53",
            "00:A0:50:C5:76:EA": "-90",
            "00:A0:50:C5:75:64": "-44",
            "00:A0:50:C5:65:1B": "-42",
            "00:A0:50:C5:65:1A": "-86",
            "00:A0:50:C5:76:93": "-52",
            "00:A0:50:C5:75:65": "-74",
            "00:A0:50:C5:76:94": "-76",
            "00:A0:50:C5:75:63": "-41",
            "00:A0:50:C5:76:91": "-73",
            "00:A0:50:C5:76:CB": "-93",
            "00:A0:50:B3:77:09": "-91",
            "00:A0:50:C5:76:8D": "-64",
            "00:A0:50:B2:96:A8": "-94",
            "00:A0:50:C5:76:9A": "-75",
            "00:A0:50:C5:65:25": "-48",
            "00:A0:50:C5:75:5F": "-72",
            "00:A0:50:B2:93:24": "-93"
        },
        "scan2": {
            "00:A0:50:C5:76:DE": "-77",
            "00:A0:50:C5:75:53": "-72",
            "00:A0:50:C5:65:0E": "-75",
            "00:A0:50:C5:75:B5": "-85",
            "00:A0:50:C5:75:B4": "-75",
            "00:A0:50:B2:94:F1": "-97",
            "00:A0:50:C5:75:74": "-77",
            "00:A0:50:C5:76:86": "-78",
            "25:74:14:B2:94:1B": "-86",
            "00:A0:50:C5:65:4D": "-51",
            "00:A0:50:C5:65:17": "-92",
            "00:A0:50:C5:65:4A": "-73",
            "00:A0:50:C5:65:11": "-74",
            "00:A0:50:C5:65:4C": "-78",
            "00:A0:50:C5:75:6C": "-46",
            "00:A0:50:C5:75:6B": "-55",
            "00:A0:50:C5:75:6A": "-61",
            "00:A0:50:C5:76:EA": "-90",
            "00:A0:50:C5:75:64": "-45",
            "00:A0:50:C5:65:1B": "-42",
            "00:A0:50:C5:65:1A": "-87",
            "00:A0:50:C5:76:93": "-52",
            "00:A0:50:C5:76:95": "-79",
            "00:A0:50:C5:76:94": "-74",
            "00:A0:50:C5:75:63": "-43",
            "00:A0:50:C5:76:91": "-72",
            "00:A0:50:C5:76:CB": "-85",
            "00:A0:50:B2:96:AC": "-94",
            "00:A0:50:B3:77:09": "-97",
            "00:A0:50:C5:76:8D": "-62",
            "00:A0:50:C5:76:9A": "-73",
            "00:A0:50:C5:65:25": "-45",
            "00:A0:50:C5:75:5F": "-71",
            "00:A0:50:B2:93:24": "-93"
        },
        "scan3": {
            "00:A0:50:C5:76:DE": "-75",
            "00:A0:50:C5:76:95": "-74",
            "00:A0:50:C5:75:53": "-73",
            "00:A0:50:C5:65:0E": "-71",
            "00:A0:50:C5:75:B4": "-75",
            "00:A0:50:B2:96:EC": "-93",
            "00:A0:50:C5:75:74": "-74",
            "00:A0:50:C5:76:86": "-72",
            "00:A0:50:B2:96:AC": "-96",
            "00:A0:50:C5:65:4D": "-50",
            "00:A0:50:C5:65:17": "-86",
            "25:74:14:B2:94:1B": "-85",
            "00:A0:50:C5:65:11": "-80",
            "00:A0:50:C5:65:4C": "-88",
            "00:A0:50:C5:75:6C": "-46",
            "00:A0:50:C5:75:6B": "-56",
            "00:A0:50:C5:75:6A": "-63",
            "00:A0:50:C5:65:4A": "-84",
            "00:A0:50:C5:76:EA": "-84",
            "00:A0:50:C5:75:64": "-45",
            "00:A0:50:C5:65:1B": "-43",
            "00:A0:50:C5:65:1A": "-88",
            "00:A0:50:C5:76:93": "-50",
            "00:A0:50:C5:75:65": "-76",
            "00:A0:50:C5:76:94": "-76",
            "00:A0:50:C5:75:63": "-42",
            "00:A0:50:C5:76:91": "-70",
            "00:A0:50:C5:76:CB": "-84",
            "00:A0:50:B2:96:DD": "-93",
            "00:A0:50:B3:77:09": "-92",
            "00:A0:50:C5:76:8D": "-58",
            "00:A0:50:B2:96:A8": "-92",
            "00:A0:50:C5:76:9A": "-75",
            "00:A0:50:C5:65:25": "-45",
            "00:A0:50:B2:93:24": "-93"
        }
    },
    "dht": [
        " 31,33,1509462444",
        "31,33,1509462446",
        "31,33,1509462449",
        "31,33,1509462451",
        "31,33,1509462454"
    ],
    "gsm": {
        "scan1": [
            "AT OK",
            "AT+CSMINS? +CSMINS: 0,1  OK",
            "AT+CREG? +CREG: 0,1  OK",
            "AT+CENG=3 OK",
            "AT+COPS=? +COPS: (2,\"IDEA Cellular Limited\",\"IDEA\",\"40422\"),(3,\"BPL USWEST (Maharastra)\",\"BPL MO\",\"40427\"),(3,\"AirTel\",\"AirTel\",\"40490\"),(3,\"405037\",\"405037\",\"405037\"),,(0-4),(0-2)  OK",
            "AT+CSQ +CSQ: 10,0  OK",
            "AT+CENG? +CENG: 3,0  +CENG: 0,\"404,22,278d,206d,25,20\" +CENG: 1,\"404,22,278d,3663,46,17\" +CENG: 2,\",,0000,ffff,00,15\" +CENG: 3,\",,0000,ffff,00,14\" +CENG: 4,\",,0000,ffff,00,14\" +CENG: 5,\",,0000,ffff,04,13\" +CENG: 6,\",,0000,ffff,00,13\"  OK"
        ]
    },
    "gps": [
        {
            "GPRMC": "$GPRMC,235953.800,V,,,,,0.00,0.00,050180,,,N*42",
            "GPGGA": "$GPGGA,235953.800,,,,,0,0,,,M,,M,,*4B"
        },
        {
            "GPRMC": "$GPRMC,235954.800,V,,,,,0.00,0.00,050180,,,N*45",
            "GPGGA": "$GPGGA,235954.800,,,,,0,0,,,M,,M,,*4C"
        },
        {
            "GPRMC": "$GPRMC,235955.800,V,,,,,0.00,0.00,050180,,,N*44",
            "GPGGA": "$GPGGA,235955.800,,,,,0,0,,,M,,M,,*4D"
        },
        {
            "GPRMC": "$GPRMC,235956.800,V,,,,,0.00,0.00,050180,,,N*47",
            "GPGGA": "$GPGGA,235956.800,,,,,0,0,,,M,,M,,*4E"
        },
        {
            "GPRMC": "$GPRMC,235957.800,V,,,,,0.00,0.00,050180,,,N*46",
            "GPGGA": "$GPGGA,235957.800,,,,,0,0,,,M,,M,,*4F"
        },
        {
            "GPRMC": "$GPRMC,235958.800,V,,,,,0.00,0.00,050180,,,N*49",
            "GPGGA": "$GPGGA,235958.800,,,,,0,0,,,M,,M,,*40"
        },
        {
            "GPRMC": "$GPRMC,235959.800,V,,,,,0.00,0.00,050180,,,N*48",
            "GPGGA": "$GPGGA,235959.800,,,,,0,0,,,M,,M,,*41"
        },
        {
            "GPRMC": "$GPRMC,000000.800,V,,,,,0.00,0.00,060180,,,N*4A",
            "GPGGA": "$GPGGA,000000.800,,,,,0,0,,,M,,M,,*40"
        },
        {
            "GPRMC": "$GPRMC,000001.800,V,,,,,0.00,0.00,060180,,,N*4B",
            "GPGGA": "$GPGGA,000001.800,,,,,0,0,,,M,,M,,*41"
        },
        {
            "GPRMC": "$GPRMC,000002.800,V,,,,,0.00,0.00,060180,,,N*48",
            "GPGGA": "$GPGGA,000002.800,,,,,0,0,,,M,,M,,*42"
        },
        {
            "GPRMC": "$GPRMC,000003.800,V,,,,,0.00,0.00,060180,,,N*49",
            "GPGGA": "$GPGGA,000003.800,,,,,0,0,,,M,,M,,*43"
        }
    ]
}