{
    "bat": "74.00",
    "timeStamp": "1509462604",
    "devID": "00000000320cf2df",
    "totalScanTime": 95,
    "wakeCounter": 1153,
    "ble": {
        "scan1": {
            "00:A0:50:C5:76:DE": "-78",
            "00:A0:50:C5:76:95": "-76",
            "00:A0:50:C5:75:53": "-72",
            "00:A0:50:C5:65:0E": "-70",
            "00:A0:50:C5:75:B5": "-78",
            "00:A0:50:C5:75:B4": "-82",
            "00:A0:50:B2:96:EA": "-92",
            "00:A0:50:B2:96:EC": "-95",
            "00:A0:50:B2:94:F1": "-96",
            "00:A0:50:C5:75:74": "-79",
            "00:A0:50:C5:76:86": "-71",
            "25:74:14:B2:94:1B": "-92",
            "00:A0:50:C5:65:1B": "-43",
            "00:A0:50:C5:65:4D": "-52",
            "00:A0:50:C5:65:17": "-90",
            "00:A0:50:C5:65:4A": "-82",
            "00:A0:50:C5:65:11": "-78",
            "00:A0:50:C5:65:4C": "-82",
            "00:A0:50:C5:75:6C": "-45",
            "00:A0:50:C5:75:6B": "-58",
            "00:A0:50:C5:75:6A": "-60",
            "00:A0:50:C5:76:EA": "-87",
            "00:A0:50:C5:75:64": "-46",
            "00:A0:50:B2:96:B2": "-92",
            "00:A0:50:C5:75:63": "-41",
            "00:A0:50:C5:75:65": "-78",
            "00:A0:50:C5:76:94": "-82",
            "00:A0:50:C5:76:93": "-51",
            "00:A0:50:C5:76:91": "-71",
            "00:A0:50:C5:76:CB": "-82",
            "00:A0:50:B3:77:09": "-91",
            "00:A0:50:C5:76:8D": "-59",
            "00:A0:50:B2:96:A8": "-95",
            "00:A0:50:B2:96:A4": "-93",
            "00:A0:50:C5:76:9A": "-75",
            "00:A0:50:C5:65:25": "-46",
            "00:A0:50:C5:75:5F": "-72",
            "00:A0:50:B2:93:24": "-99"
        },
        "scan2": {
            "00:A0:50:C5:76:DE": "-75",
            "00:A0:50:C5:65:11": "-79",
            "00:A0:50:C5:75:53": "-72",
            "00:A0:50:C5:65:0E": "-83",
            "00:A0:50:C5:75:B5": "-77",
            "00:A0:50:C5:75:B4": "-79",
            "00:A0:50:B2:96:EC": "-89",
            "00:A0:50:B2:94:F1": "-96",
            "00:A0:50:C5:75:74": "-83",
            "00:A0:50:C5:76:86": "-69",
            "00:A0:50:C5:76:9A": "-72",
            "25:74:14:B2:94:1B": "-85",
            "00:A0:50:C5:65:4D": "-52",
            "00:A0:50:C5:65:4A": "-70",
            "00:A0:50:B2:96:B2": "-90",
            "00:A0:50:C5:65:4C": "-79",
            "00:A0:50:C5:75:6C": "-44",
            "00:A0:50:C5:75:6B": "-55",
            "00:A0:50:B2:96:AC": "-91",
            "00:A0:50:C5:76:EA": "-88",
            "00:A0:50:C5:76:94": "-75",
            "00:A0:50:C5:65:1B": "-43",
            "00:A0:50:C5:65:1A": "-86",
            "00:A0:50:C5:76:93": "-52",
            "00:A0:50:C5:75:65": "-75",
            "00:A0:50:C5:75:64": "-45",
            "00:A0:50:C5:75:63": "-44",
            "00:A0:50:C5:76:91": "-74",
            "00:A0:50:C5:76:CB": "-87",
            "00:A0:50:B2:96:DF": "-91",
            "00:A0:50:B2:96:DD": "-92",
            "00:A0:50:C5:76:8D": "-62",
            "00:A0:50:B2:96:A8": "-91",
            "00:A0:50:C5:75:6A": "-62",
            "00:A0:50:C5:65:25": "-47",
            "00:A0:50:B2:93:22": "-96",
            "00:A0:50:C5:75:5F": "-72",
            "00:A0:50:B2:93:24": "-95"
        },
        "scan3": {
            "00:A0:50:C5:76:DE": "-79",
            "00:A0:50:C5:76:95": "-84",
            "00:A0:50:C5:75:53": "-78",
            "00:A0:50:C5:65:0E": "-72",
            "00:A0:50:C5:75:B5": "-72",
            "00:A0:50:C5:75:B4": "-71",
            "00:A0:50:B2:96:EC": "-90",
            "00:A0:50:B2:94:F1": "-92",
            "00:A0:50:C5:75:74": "-71",
            "00:A0:50:C5:76:86": "-74",
            "00:A0:50:C5:76:9A": "-74",
            "25:74:14:B2:94:1B": "-84",
            "00:A0:50:C5:65:1B": "-42",
            "00:A0:50:C5:65:4D": "-51",
            "00:A0:50:C5:65:17": "-85",
            "00:A0:50:C5:65:4A": "-69",
            "00:A0:50:C5:65:11": "-75",
            "00:A0:50:C5:65:4C": "-73",
            "00:A0:50:C5:75:6C": "-45",
            "00:A0:50:C5:75:6B": "-56",
            "00:A0:50:B2:96:AC": "-91",
            "00:A0:50:C5:76:EA": "-89",
            "00:A0:50:C5:75:64": "-45",
            "00:A0:50:B2:96:B2": "-95",
            "00:A0:50:C5:65:1A": "-88",
            "00:A0:50:C5:75:63": "-40",
            "00:A0:50:C5:75:65": "-84",
            "00:A0:50:C5:76:94": "-75",
            "00:A0:50:C5:76:93": "-48",
            "00:A0:50:C5:76:91": "-74",
            "00:A0:50:C5:76:CB": "-88",
            "00:A0:50:B2:96:DF": "-88",
            "00:A0:50:B3:77:09": "-89",
            "00:A0:50:B2:96:E2": "-92",
            "00:A0:50:C5:76:8D": "-59",
            "00:A0:50:B2:96:A8": "-88",
            "00:A0:50:B2:96:A4": "-98",
            "00:A0:50:C5:75:6A": "-54",
            "00:A0:50:C5:65:25": "-48",
            "00:A0:50:C5:75:5F": "-70",
            "00:A0:50:B2:93:24": "-97"
        }
    },
    "dht": [
        " 31,33,1509462581",
        "31,33,1509462583",
        "31,33,1509462586",
        "31,33,1509462588",
        "31,33,1509462591"
    ],
    "gsm": {
        "scan1": [
            "AT OK",
            "AT+CSMINS? +CSMINS: 0,1  OK",
            "AT+CREG? +CREG: 0,1  OK",
            "AT+CENG=3 OK",
            "AT+COPS=? +COPS: (2,\"IDEA Cellular Limited\",\"IDEA\",\"40422\"),(3,\"AirTel\",\"AirTel\",\"40490\"),(3,\"405037\",\"405037\",\"405037\"),(3,\"BPL USWEST (Maharastra)\",\"BPL MO\",\"40427\"),(3,\"Maharashtra\",\"CellOne\",\"40466\"),(3,\"405929\",\"405929\",\"405929\"),,(0-4),(0-2)  OK",
            "AT+CSQ +CSQ: 15,0  OK",
            "AT+CENG? +CENG: 3,0  +CENG: 0,\"404,22,278d,206d,25,30\" +CENG: 1,\"404,22,278d,3663,46,16\" +CENG: 2,\",,0000,ffff,00,16\" +CENG: 3,\",,0000,ffff,08,14\" +CENG: 4,\",,0000,ffff,00,14\" +CENG: 5,\",,0000,ffff,00,14\" +CENG: 6,\",,0000,ffff,00,14\"  OK"
        ]
    },
    "gps": [
        {
            "GPRMC": "$GPRMC,235953.800,V,,,,,0.00,0.00,050180,,,N*42",
            "GPGGA": "$GPGGA,235953.800,,,,,0,0,,,M,,M,,*4B"
        },
        {
            "GPRMC": "$GPRMC,235954.800,V,,,,,0.00,0.00,050180,,,N*45",
            "GPGGA": "$GPGGA,235954.800,,,,,0,0,,,M,,M,,*4C"
        },
        {
            "GPRMC": "$GPRMC,235955.800,V,,,,,0.00,0.00,050180,,,N*44",
            "GPGGA": "$GPGGA,235955.800,,,,,0,0,,,M,,M,,*4D"
        },
        {
            "GPRMC": "$GPRMC,235956.800,V,,,,,0.00,0.00,050180,,,N*47",
            "GPGGA": "$GPGGA,235956.800,,,,,0,0,,,M,,M,,*4E"
        },
        {
            "GPRMC": "$GPRMC,235957.800,V,,,,,0.00,0.00,050180,,,N*46",
            "GPGGA": "$GPGGA,235957.800,,,,,0,0,,,M,,M,,*4F"
        },
        {
            "GPRMC": "$GPRMC,235958.800,V,,,,,0.00,0.00,050180,,,N*49",
            "GPGGA": "$GPGGA,235958.800,,,,,0,0,,,M,,M,,*40"
        },
        {
            "GPRMC": "$GPRMC,235959.800,V,,,,,0.00,0.00,050180,,,N*48",
            "GPGGA": "$GPGGA,235959.800,,,,,0,0,,,M,,M,,*41"
        },
        {
            "GPRMC": "$GPRMC,000000.800,V,,,,,0.00,0.00,060180,,,N*4A",
            "GPGGA": "$GPGGA,000000.800,,,,,0,0,,,M,,M,,*40"
        },
        {
            "GPRMC": "$GPRMC,000001.800,V,,,,,0.00,0.00,060180,,,N*4B",
            "GPGGA": "$GPGGA,000001.800,,,,,0,0,,,M,,M,,*41"
        },
        {
            "GPRMC": "$GPRMC,000002.800,V,,,,,0.00,0.00,060180,,,N*48",
            "GPGGA": "$GPGGA,000002.800,,,,,0,0,,,M,,M,,*42"
        },
        {
            "GPRMC": "$GPRMC,000003.800,V,,,,,0.00,0.00,060180,,,N*49",
            "GPGGA": "$GPGGA,000003.800,,,,,0,0,,,M,,M,,*43"
        }
    ]
}