{
    "bat": "74.00",
    "timeStamp": "1509463217",
    "devID": "00000000320cf2df",
    "totalScanTime": 95,
    "wakeCounter": 1154,
    "ble": {
        "scan1": {
            "00:A0:50:C5:76:DE": "-53",
            "00:A0:50:C5:76:95": "-54",
            "00:A0:50:C5:75:53": "-74",
            "00:A0:50:C5:65:0E": "-57",
            "00:A0:50:C5:75:B5": "-54",
            "00:A0:50:C5:75:B4": "-52",
            "00:A0:50:C5:75:74": "-54",
            "00:A0:50:C5:76:86": "-60",
            "2D:C7:8D:18:19:0A": "-92",
            "00:A0:50:C5:65:4D": "-47",
            "00:A0:50:C5:65:17": "-65",
            "00:A0:50:C5:65:4A": "-50",
            "00:A0:50:C5:65:11": "-54",
            "00:A0:50:C5:65:4C": "-62",
            "00:A0:50:C5:75:6C": "-46",
            "00:A0:50:C5:75:6B": "-39",
            "00:A0:50:C5:75:6A": "-47",
            "00:A0:50:C5:76:EA": "-67",
            "00:A0:50:C5:75:64": "-58",
            "00:A0:50:C5:65:1B": "-72",
            "00:A0:50:C5:65:1A": "-70",
            "00:A0:50:C5:76:93": "-59",
            "00:A0:50:C5:75:65": "-57",
            "00:A0:50:C5:76:94": "-76",
            "00:A0:50:C5:75:63": "-47",
            "00:A0:50:C5:76:91": "-57",
            "00:A0:50:C5:76:CB": "-62",
            "00:A0:50:C5:76:8D": "-54",
            "00:A0:50:C5:76:9A": "-62",
            "00:A0:50:C5:65:25": "-43",
            "00:A0:50:C5:75:5F": "-58"
        },
        "scan2": {
            "00:A0:50:C5:76:DE": "-57",
            "00:A0:50:C5:76:95": "-62",
            "00:A0:50:C5:75:53": "-51",
            "00:A0:50:C5:65:0E": "-47",
            "00:A0:50:C5:75:B5": "-54",
            "00:A0:50:C5:75:B4": "-60",
            "00:A0:50:C5:75:74": "-58",
            "00:A0:50:C5:76:86": "-59",
            "2D:C7:8D:18:19:0A": "-92",
            "00:A0:50:C5:65:17": "-63",
            "00:A0:50:C5:65:4D": "-46",
            "00:A0:50:C5:65:4A": "-51",
            "00:A0:50:C5:65:11": "-54",
            "00:A0:50:C5:65:4C": "-62",
            "00:A0:50:C5:75:6C": "-55",
            "00:A0:50:C5:75:6B": "-40",
            "00:A0:50:C5:75:6A": "-40",
            "00:A0:50:C5:76:EA": "-71",
            "00:A0:50:C5:76:94": "-62",
            "00:A0:50:C5:65:1B": "-73",
            "00:A0:50:C5:65:1A": "-70",
            "00:A0:50:C5:75:63": "-44",
            "00:A0:50:C5:75:65": "-62",
            "00:A0:50:C5:75:64": "-56",
            "00:A0:50:C5:76:93": "-59",
            "00:A0:50:C5:76:91": "-57",
            "00:A0:50:C5:76:CB": "-59",
            "00:A0:50:C5:76:8D": "-54",
            "00:A0:50:C5:76:9A": "-62",
            "00:A0:50:C5:65:25": "-43",
            "00:A0:50:C5:75:5F": "-58"
        },
        "scan3": {
            "00:A0:50:C5:76:DE": "-53",
            "00:A0:50:C5:75:53": "-75",
            "00:A0:50:C5:65:0E": "-47",
            "00:A0:50:C5:75:B5": "-47",
            "00:A0:50:C5:75:B4": "-51",
            "00:A0:50:C5:75:74": "-57",
            "00:A0:50:C5:76:86": "-62",
            "2D:C7:8D:18:19:0A": "-95",
            "00:A0:50:C5:65:4D": "-38",
            "00:A0:50:C5:65:17": "-65",
            "00:A0:50:C5:65:4A": "-59",
            "00:A0:50:C5:65:11": "-64",
            "00:A0:50:C5:65:4C": "-58",
            "00:A0:50:C5:75:6C": "-58",
            "00:A0:50:C5:75:65": "-62",
            "00:A0:50:C5:75:6A": "-39",
            "00:A0:50:C5:76:EA": "-60",
            "00:A0:50:C5:75:64": "-51",
            "00:A0:50:C5:65:1B": "-72",
            "00:A0:50:C5:65:1A": "-74",
            "00:A0:50:C5:76:95": "-62",
            "00:A0:50:C5:76:94": "-75",
            "00:A0:50:C5:75:63": "-44",
            "00:A0:50:C5:76:91": "-55",
            "00:A0:50:C5:76:CB": "-59",
            "00:A0:50:C5:76:8D": "-53",
            "00:A0:50:C5:75:6B": "-44",
            "00:A0:50:C5:76:9A": "-62",
            "00:A0:50:C5:65:25": "-39",
            "00:A0:50:C5:75:5F": "-54"
        }
    },
    "dht": [
        " 29,38,1509463191",
        "29,38,1509463194",
        "29,37,1509463197",
        "29,37,1509463199",
        "29,37,1509463202",
        "29,37,1509463204"
    ],
    "gsm": {
        "scan1": [
            "AT OK",
            "AT+CSMINS? +CSMINS: 0,1  OK",
            "AT+CREG? +CREG: 0,1  OK",
            "AT+CENG=3 OK",
            "AT+COPS=? +COPS: (2,\"IDEA Cellular Limited\",\"IDEA\",\"40422\"),(3,\"405929\",\"405929\",\"405929\"),(3,\"405037\",\"405037\",\"405037\"),(3,\"BPL USWEST (Maharastra)\",\"BPL MO\",\"40427\"),(3,\"AirTel\",\"AirTel\",\"40490\"),(3,\"Maharashtra\",\"CellOne\",\"40466\"),,(0-4),(0-2)  OK",
            "AT+CSQ +CSQ: 15,0  OK",
            "AT+CENG? +CENG: 3,0  +CENG: 0,\"404,22,278d,1507,04,30\" +CENG: 1,\"404,22,278d,3112,08,25\" +CENG: 2,\"404,22,278d,3661,53,22\" +CENG: 3,\"404,22,278d,1505,29,18\" +CENG: 4,\"404,22,278d,1506,46,18\" +CENG: 5,\",,0000,ffff,02,18\" +CENG: 6,\",,0000,ffff,00,18\"  OK"
        ]
    },
    "gps": [
        {
            "GPRMC": "$GPRMC,235953.800,V,,,,,0.00,0.00,050180,,,N*42",
            "GPGGA": "$GPGGA,235953.800,,,,,0,0,,,M,,M,,*4B"
        },
        {
            "GPRMC": "$GPRMC,235954.800,V,,,,,0.00,0.00,050180,,,N*45",
            "GPGGA": "$GPGGA,235954.800,,,,,0,0,,,M,,M,,*4C"
        },
        {
            "GPRMC": "$GPRMC,235955.800,V,,,,,0.00,0.00,050180,,,N*44",
            "GPGGA": "$GPGGA,235955.800,,,,,0,0,,,M,,M,,*4D"
        },
        {
            "GPRMC": "$GPRMC,235956.800,V,,,,,0.00,0.00,050180,,,N*47",
            "GPGGA": "$GPGGA,235956.800,,,,,0,0,,,M,,M,,*4E"
        },
        {
            "GPRMC": "$GPRMC,235957.800,V,,,,,0.00,0.00,050180,,,N*46",
            "GPGGA": "$GPGGA,235957.800,,,,,0,0,,,M,,M,,*4F"
        },
        {
            "GPRMC": "$GPRMC,235958.800,V,,,,,0.00,0.00,050180,,,N*49",
            "GPGGA": "$GPGGA,235958.800,,,,,0,0,,,M,,M,,*40"
        },
        {
            "GPRMC": "$GPRMC,235959.800,V,,,,,0.00,0.00,050180,,,N*48",
            "GPGGA": "$GPGGA,235959.800,,,,,0,0,,,M,,M,,*41"
        },
        {
            "GPRMC": "$GPRMC,000000.800,V,,,,,0.00,0.00,060180,,,N*4A",
            "GPGGA": "$GPGGA,000000.800,,,,,0,0,,,M,,M,,*40"
        },
        {
            "GPRMC": "$GPRMC,000001.800,V,,,,,0.00,0.00,060180,,,N*4B",
            "GPGGA": "$GPGGA,000001.800,,,,,0,0,,,M,,M,,*41"
        },
        {
            "GPRMC": "$GPRMC,000002.800,V,,,,,0.00,0.00,060180,,,N*48",
            "GPGGA": "$GPGGA,000002.800,,,,,0,0,,,M,,M,,*42"
        },
        {
            "GPRMC": "$GPRMC,000003.800,V,,,,,0.00,0.00,060180,,,N*49",
            "GPGGA": "$GPGGA,000003.800,,,,,0,0,,,M,,M,,*43"
        }
    ]
}