{
    "bat": "74.00",
    "timeStamp": "1509467969",
    "devID": "0000000001040921",
    "totalScanTime": 94,
    "wakeCounter": 1155,
    "ble": {
        "scan1": {
            "72:F1:66:E4:81:5F": "-88",
            "14:A2:EC:A1:F6:2A": "-89",
            "5C:D7:CE:98:F1:E2": "-93"
        },
        "scan2": {
            "72:F1:66:E4:81:5F": "-97"
        },
        "scan3": {
            "72:F1:66:E4:81:5F": "-94"
        }
    },
    "dht": [
        " 20,30,1509467942",
        "20,30,1509467945",
        "20,30,1509467947",
        "20,31,1509467950",
        "20,31,1509467952",
        "20,31,1509467955"
    ],
    "gsm": {
        "scan1": [
            "AT OK",
            "AT+CSMINS? +CSMINS: 0,1  OK",
            "AT+CREG? +CREG: 0,1  OK",
            "AT+CENG=3 OK",
            "AT+COPS=? +COPS: (2,\"IDEA Cellular Limited\",\"IDEA\",\"40422\"),(3,\"BPL USWEST (Maharastra)\",\"BPL MO\",\"40427\"),(1,\"Maharashtra\",\"CellOne\",\"40466\"),(3,\"405804\",\"405804\",\"405804\"),(3,\"AirTel\",\"AirTel\",\"40490\"),,(0-4),(0-2)  OK",
            "AT+CSQ +CSQ: 17,0  OK",
            "AT+CENG? +CENG: 3,0  +CENG: 0,\"404,22,278d,206d,25,34\" +CENG: 1,\"404,22,278d,3112,08,25\" +CENG: 2,\"404,22,278d,3663,46,22\" +CENG: 3,\"404,22,278d,3661,53,21\" +CENG: 4,\"404,22,278d,04c6,32,21\" +CENG: 5,\"404,22,278d,1507,04,20\" +CENG: 6,\"404,22,278d,1505,29,16\"  OK"
        ]
    },
    "gps": []
}