{
    "bat": "74.00",
    "timeStamp": "1509468106",
    "devID": "0000000001040921",
    "totalScanTime": 96,
    "wakeCounter": 1156,
    "ble": {
        "scan1": {
            "76:C3:30:1D:ED:5B": "-99"
        },
        "scan2": {
            "76:C3:30:1D:ED:5B": "-91",
            "14:A2:EC:A1:F6:2A": "-93"
        },
        "scan3": {
            "14:A2:EC:A1:F6:2A": "-94"
        }
    },
    "dht": [
        " 20,34,1509468086",
        "20,34,1509468088",
        "20,34,1509468091",
        "20,34,1509468094"
    ],
    "gsm": {
        "scan1": [
            "AT OK",
            "AT+CSMINS? +CSMINS: 0,1  OK",
            "AT+CREG? +CREG: 0,1  OK",
            "AT+CENG=3 OK",
            "AT+COPS=? +COPS: (2,\"IDEA Cellular Limited\",\"IDEA\",\"40422\"),(1,\"Maharashtra\",\"CellOne\",\"40466\"),(3,\"BPL USWEST (Maharastra)\",\"BPL MO\",\"40427\"),(3,\"AirTel\",\"AirTel\",\"40490\"),(3,\"405804\",\"405804\",\"405804\"),,(0-4),(0-2)  OK",
            "AT+CSQ +CSQ: 17,0  OK",
            "AT+CENG? +CENG: 3,0  +CENG: 0,\"404,22,278d,206d,25,33\" +CENG: 1,\"404,22,278d,04c6,32,16\" +CENG: 2,\"404,22,278d,1505,29,16\" +CENG: 3,\"404,22,278d,3661,53,16\" +CENG: 4,\"404,22,278d,3112,08,16\" +CENG: 5,\"404,22,278d,2654,02,16\" +CENG: 6,\"404,22,278d,1506,46,15\"  OK"
        ]
    },
    "gps": []
}