{
    "bat": "74.00",
    "timeStamp": "1509468468",
    "devID": "0000000001040921",
    "totalScanTime": 94,
    "wakeCounter": 1157,
    "ble": {
        "scan1": {
            "76:C3:30:1D:ED:5B": "-92"
        },
        "scan2": {},
        "scan3": {
            "28:85:BC:78:F0:26": "-91"
        }
    },
    "dht": [
        " 20,36,1509468446",
        "20,36,1509468448",
        "20,35,1509468451",
        "20,35,1509468453",
        "19,35,1509468456"
    ],
    "gsm": {
        "scan1": [
            "AT OK",
            "AT+CSMINS? +CSMINS: 0,1  OK",
            "AT+CREG? +CREG: 0,1  OK",
            "AT+CENG=3 OK",
            "AT+COPS=? +COPS: (2,\"IDEA Cellular Limited\",\"IDEA\",\"40422\"),(3,\"405804\",\"405804\",\"405804\"),(3,\"BPL USWEST (Maharastra)\",\"BPL MO\",\"40427\"),(3,\"AirTel\",\"AirTel\",\"40490\"),(1,\"Maharashtra\",\"CellOne\",\"40466\"),(3,\"405037\",\"405037\",\"405037\"),,(0-4),(0-2)  OK",
            "AT+CSQ +CSQ: 14,0  OK",
            "AT+CENG? +CENG: 3,0  +CENG: 0,\"404,22,278d,3661,53,27\" +CENG: 1,\"404,22,278d,3112,08,25\" +CENG: 2,\"404,22,278d,3663,46,21\" +CENG: 3,\"404,22,278d,206d,25,19\" +CENG: 4,\"404,22,278d,04c6,32,19\" +CENG: 5,\"404,22,278d,1505,29,18\" +CENG: 6,\"404,22,278d,1506,46,15\"  OK"
        ]
    },
    "gps": []
}