{
    "bat": "74.00",
    "timeStamp": "1509469007",
    "devID": "0000000001040921",
    "totalScanTime": 100,
    "wakeCounter": 1158,
    "ble": {
        "scan1": {
            "50:D1:D3:98:A9:D3": "-81",
            "6E:AB:40:DE:3A:2C": "-89",
            "28:85:BC:78:F0:26": "-92",
            "BC:54:36:CD:A8:DD": "-95"
        },
        "scan2": {
            "41:0D:77:83:8F:D9": "-93",
            "BC:54:36:CD:A8:DD": "-95"
        },
        "scan3": {
            "41:0D:77:83:8F:D9": "-95",
            "6E:AB:40:DE:3A:2C": "-91",
            "BC:54:36:CD:A8:DD": "-94"
        }
    },
    "dht": [],
    "gsm": {
        "scan1": [
            "AT OK",
            "AT+CSMINS? +CSMINS: 0,1  OK",
            "AT+CREG? +CREG: 0,1  OK",
            "AT+CENG=3 OK",
            "AT+COPS=? +COPS: (2,\"IDEA Cellular Limited\",\"IDEA\",\"40422\"),(3,\"BPL USWEST (Maharastra)\",\"BPL MO\",\"40427\"),(3,\"405804\",\"405804\",\"405804\"),(1,\"Maharashtra\",\"CellOne\",\"40466\"),(3,\"AirTel\",\"AirTel\",\"40490\"),(3,\"405929\",\"405929\",\"405929\"),,(0-4),(0-2)  OK",
            "AT+CSQ +CSQ: 16,0  OK",
            "AT+CENG? +CENG: 3,0  +CENG: 0,\"404,22,278d,206d,25,32\" +CENG: 1,\"404,22,278d,3663,46,26\" +CENG: 2,\"404,22,278d,3112,08,25\" +CENG: 3,\"404,22,278d,3661,53,22\" +CENG: 4,\"404,22,278d,1505,29,21\" +CENG: 5,\"404,22,278d,04c6,32,17\" +CENG: 6,\"404,22,278d,1506,46,15\"  OK"
        ]
    },
    "gps": []
}