{
    "bat": "74.00",
    "timeStamp": "1509469156",
    "devID": "0000000001040921",
    "totalScanTime": 98,
    "wakeCounter": 1159,
    "ble": {
        "scan1": {
            "41:0D:77:83:8F:D9": "-96",
            "BC:54:36:CD:A8:DD": "-94"
        },
        "scan2": {
            "41:0D:77:83:8F:D9": "-95",
            "60:87:C3:DC:16:B4": "-96",
            "BC:54:36:CD:A8:DD": "-96"
        },
        "scan3": {
            "41:0D:77:83:8F:D9": "-94",
            "60:87:C3:DC:16:B4": "-95",
            "BC:54:36:CD:A8:DD": "-93"
        }
    },
    "dht": [
        " 19,33,1509469133",
        "19,33,1509469135",
        "19,33,1509469138",
        "19,33,1509469141",
        "19,32,1509469143"
    ],
    "gsm": {
        "scan1": [
            "AT OK",
            "AT+CSMINS? +CSMINS: 0,1  OK",
            "AT+CREG? +CREG: 0,1  OK",
            "AT+CENG=3 OK",
            "AT+COPS=? +COPS: (2,\"IDEA Cellular Limited\",\"IDEA\",\"40422\"),(3,\"BPL USWEST (Maharastra)\",\"BPL MO\",\"40427\"),(3,\"AirTel\",\"AirTel\",\"40490\"),(1,\"Maharashtra\",\"CellOne\",\"40466\"),(3,\"405929\",\"405929\",\"405929\"),,(0-4),(0-2)  OK",
            "AT+CSQ +CSQ: 19,0  OK",
            "AT+CENG? +CENG: 3,0  +CENG: 0,\"404,22,278d,206d,25,37\" +CENG: 1,\"404,22,278d,3663,46,28\" +CENG: 2,\"404,22,278d,3112,08,20\" +CENG: 3,\"404,22,278d,1505,29,19\" +CENG: 4,\"404,22,278d,206e,19,17\" +CENG: 5,\"404,22,278d,04c6,32,16\" +CENG: 6,\"404,22,278d,3661,53,15\"  OK"
        ]
    },
    "gps": []
}