{
    "bat": "74.00",
    "timeStamp": "1509469545",
    "devID": "0000000001040921",
    "totalScanTime": 100,
    "wakeCounter": 1160,
    "ble": {
        "scan1": {
            "2F:08:17:D5:37:C1": "-72"
        },
        "scan2": {
            "2F:08:17:D5:37:C1": "-80"
        },
        "scan3": {}
    },
    "dht": [
        " 19,30,1509469278",
        "19,30,1509469281",
        "19,30,1509469283",
        "19,30,1509469530",
        "19,30,1509469532"
    ],
    "gsm": {
        "scan1": [
            "AT OK",
            "AT+CSMINS? +CSMINS: 0,1  OK",
            "AT+CREG? +CREG: 0,1  OK",
            "AT+CENG=3 OK",
            "AT+COPS=? +COPS: (2,\"IDEA Cellular Limited\",\"IDEA\",\"40422\"),(3,\"BPL USWEST (Maharastra)\",\"BPL MO\",\"40427\"),(3,\"405804\",\"405804\",\"405804\"),(3,\"AirTel\",\"AirTel\",\"40490\"),(1,\"Maharashtra\",\"CellOne\",\"40466\"),,(0-4),(0-2)  OK",
            "AT+CSQ +CSQ: 20,0  OK",
            "AT+CENG? +CENG: 3,0  +CENG: 0,\"404,22,278d,206d,25,40\" +CENG: 1,\"404,22,278d,3661,53,31\" +CENG: 2,\"404,22,278d,3662,46,23\" +CENG: 3,\"404,22,278d,3112,08,21\" +CENG: 4,\"404,22,278d,1506,46,17\" +CENG: 5,\"404,22,278d,04c6,32,16\" +CENG: 6,\",,0000,ffff,00,33\"  OK"
        ]
    },
    "gps": []
}