{
    "bat": "74.00",
    "timeStamp": "1509469686",
    "devID": "0000000001040921",
    "totalScanTime": 94,
    "wakeCounter": 1161,
    "ble": {
        "scan1": {},
        "scan2": {},
        "scan3": {}
    },
    "dht": [
        " 19,53,1509469663",
        "19,56,1509469665",
        "19,58,1509469668",
        "19,59,1509469670",
        "19,63,1509469673"
    ],
    "gsm": {
        "scan1": [
            "AT OK",
            "AT+CSMINS? +CSMINS: 0,1  OK",
            "AT+CREG? +CREG: 0,1  OK",
            "AT+CENG=3 OK",
            "AT+COPS=? +COPS: (2,\"IDEA Cellular Limited\",\"IDEA\",\"40422\"),(3,\"405037\",\"405037\",\"405037\"),(3,\"BPL USWEST (Maharastra)\",\"BPL MO\",\"40427\"),(3,\"AirTel\",\"AirTel\",\"40490\"),(3,\"405804\",\"405804\",\"405804\"),(1,\"Maharashtra\",\"CellOne\",\"40466\"),,(0-4),(0-2)  OK",
            "AT+CSQ +CSQ: 21,0  OK",
            "AT+CENG? +CENG: 3,0  +CENG: 0,\"404,22,278d,3661,53,42\" +CENG: 1,\"404,22,278d,3663,46,27\" +CENG: 2,\"404,22,278d,206d,25,26\" +CENG: 3,\"404,22,278d,3662,46,20\" +CENG: 4,\"404,22,278d,1507,04,20\" +CENG: 5,\"404,22,278d,3112,08,19\" +CENG: 6,\"404,22,278d,1506,46,17\"  OK"
        ]
    },
    "gps": []
}