{
    "timeStamp": "1508259288",
    "devID": "000000009d38c2c2",
    "totalScanTime": 53,
    "wakeCounter": 996,
    "ble": {
        "scan1": {
            "5B:7B:A1:E6:C9:98": "-85"
        }
    },
    "dht": [
        " 37,32,1508259294"
    ],
    "gsm": {
        "scan1": [
            "AT+CREG? +CREG: 0,1  OK",
            "AT+CENG=3 OK",
            "AT+COPS=? +COPS: (2,\"IDEA Cellular Limited\",\"IDEA\",\"40422\"),(3,\"BPL USWEST (Maharastra)\",\"BPL MO\",\"40427\"),(1,\"Maharashtra\",\"CellOne\",\"40466\"),(1,\"405929\",\"405929\",\"405929\"),,(0-4),(0-2)  OK",
            "AT+CSQ +CSQ: 23,0  OK",
            "AT+CENG? +CENG: 3,0  +CENG: 0,\"404,22,278d,1506,46,46\" +CENG: 1,\"404,22,278d,3112,08,43\" +CENG: 2,\"404,22,278d,3113,37,40\" +CENG: 3,\"404,22,278d,1505,29,39\" +CENG: 4,\"404,22,278d,3663,46,38\" +CENG: 5,\"404,22,278d,3661,53,38\" +CENG: 6,\"404,22,278d,1507,04,32\"  OK"
        ]
    },
    "gps": [
        {
            "GPRMC": "$GPRMC,112456.000,A,1830.7208,N,07346.5065,E,0.00,180.54,171017,,,A*65"
        }
    ]
}